timestamp_iso,wall_time_ns,ros_sec,ros_nanosec,common_time_ns,x_floor_m,y_floor_m,z_floor_m,roll_floor_rad,pitch_floor_rad,yaw_floor_rad,qx_floor,qy_floor,qz_floor,qw_floor,T00,T01,T02,T03,T10,T11,T12,T13,T20,T21,T22,T23,T30,T31,T32,T33,C_T1_T00,C_T1_T01,C_T1_T02,C_T1_T03,C_T1_T10,C_T1_T11,C_T1_T12,C_T1_T13,C_T1_T20,C_T1_T21,C_T1_T22,C_T1_T23,C_T1_T30,C_T1_T31,C_T1_T32,C_T1_T33
2026-08-09T15:06:35.922,1786251995922918212,1786251996,570234000,1786251996570234000,0.504533070,0.010954172,0.351850944,-0.003581652,0.036334014,1.639577224,-0.014501173,0.011087143,0.730902001,0.682238270,-0.068681165,-0.997620459,-0.006069640,0.504533070,0.996976599,-0.068855712,0.035993602,0.010954172,-0.036326101,-0.003579144,0.999333839,0.351850944,0.000000000,0.000000000,0.000000000,1.000000000,0.999759217,0.020212448,0.008541968,0.457433947,0.020142610,-0.690896534,-0.722672993,-0.055254124,-0.008705374,0.722671043,-0.691137309,1.544321333,0.000000000,0.000000000,0.000000000,1.000000000
2026-08-09T15:06:35.989,1786251995989572735,1786251996,638234000,1786251996638234000,0.503996907,0.010804863,0.354024570,-0.006606080,0.038377459,1.639865962,-0.016281092,0.010676620,0.731004765,0.682094546,-0.068963760,-0.997576654,-0.009238097,0.503996907,0.996880592,-0.069265756,0.037819669,0.010804863,-0.038368120,-0.006601033,0.999242129,0.354024570,0.000000000,0.000000000,0.000000000,1.000000000,0.999780262,0.019211684,0.008386780,0.457651460,0.019331583,-0.690268429,-0.723295089,-0.055351070,-0.008106587,0.723298283,-0.690488144,1.544847350,0.000000000,0.000000000,0.000000000,1.000000000
2026-08-09T15:06:36.056,1786251996056522396,1786251996,702239000,1786251996702239000,0.504282851,0.010928153,0.353518445,-0.006212656,0.038378942,1.639440977,-0.016145157,0.010824353,0.730857685,0.682253041,-0.068540091,-0.997609552,-0.008829643,0.504282851,0.996909754,-0.068826917,0.037852151,0.010928153,-0.038369602,-0.006207907,0.999244592,0.353518445,0.000000000,0.000000000,0.000000000,1.000000000,0.999773897,0.019809452,0.007729178,0.457650734,0.019273326,-0.690641782,-0.722940155,-0.055314592,-0.008982954,0.722925663,-0.690867420,1.544567369,0.000000000,0.000000000,0.000000000,1.000000000
2026-08-09T15:06:36.089,1786251996089609605,1786251996,770237000,1786251996770237000,0.502819731,0.008275847,0.355421802,-0.002426587,0.038373935,1.638810992,-0.014847925,0.012210841,0.730620967,0.682512591,-0.067912052,-0.997678903,-0.005028220,0.502819731,0.996952927,-0.068054591,0.038110647,0.008275847,-0.038364598,-0.002424664,0.999261126,0.355421802,0.000000000,0.000000000,0.000000000,1.000000000,0.999724432,0.019716687,0.012740223,0.456963239,0.022826263,-0.689808829,-0.723631634,-0.054939417,-0.005479300,0.723723035,-0.690068798,1.542167156,0.000000000,0.000000000,0.000000000,1.000000000
2026-08-09T15:06:36.156,1786251996156546554,1786251996,838237000,1786251996838237000,0.502817040,0.013210024,0.352506759,0.011735975,0.028724229,1.637336180,-0.006478660,0.014096162,0.730091067,0.683173740,-0.066463183,-0.997741009,0.009800320,0.502817040,0.997374961,-0.066149551,0.029434921,0.013210024,-0.028720364,0.011731003,0.999518905,0.352506759,0.000000000,0.000000000,0.000000000,1.000000000,0.999351204,0.022417543,0.028189075,0.459370695,0.035839600,-0.696396937,-0.716761347,-0.056640244,0.003562757,0.717306601,-0.696748554,1.545728616,0.000000000,0.000000000,0.000000000,1.000000000
2026-08-09T15:06:36.222,1786251996222918889,1786251996,902240000,1786251996902240000,0.501923201,0.019406694,0.352007675,0.024807905,0.025337833,1.634457699,-0.000751441,0.017712396,0.729030350,0.684251749,-0.063597808,-0.997707471,0.023143916,0.501923201,0.997653484,-0.062971302,0.026853951,0.019406694,-0.025335209,0.024797539,0.999371666,0.352007675,0.000000000,0.000000000,0.000000000,1.000000000,0.998792389,0.026250464,0.041529230,0.460755561,0.048058486,-0.697602467,-0.714871443,-0.060706771,0.010205186,0.716003988,-0.698021592,1.550509935,0.000000000,0.000000000,0.000000000,1.000000000
2026-08-09T15:06:36.256,1786251996256521089,1786251996,970240000,1786251996970240000,0.500239211,0.027709381,0.350848416,0.026754724,0.028014752,1.632173591,-0.001039362,0.019338728,0.728205566,0.685085094,-0.061314516,-0.997806025,0.024983696,0.500239211,0.997724878,-0.060568524,0.029589097,0.027709381,-0.028011174,0.026741175,0.999250120,0.350848416,0.000000000,0.000000000,0.000000000,1.000000000,0.998669046,0.027703365,0.043504705,0.459969430,0.050514306,-0.695674774,-0.716578616,-0.065622249,0.010413486,0.717822493,-0.696148280,1.557856926,0.000000000,0.000000000,0.000000000,1.000000000
2026-08-09T15:06:36.789,1786251996789525067,1786251997,502243000,1786251997502243000,0.437738946,0.147939389,0.342757732,0.000111268,0.049380844,1.590123849,-0.017585928,0.017327184,0.713688412,0.700028110,-0.019302619,-0.999813586,-0.000842633,0.437738946,0.998593983,-0.019320475,0.049353569,0.147939389,-0.049360854,0.000111266,0.998781266,0.342757732,0.000000000,0.000000000,0.000000000,1.000000000,0.997521848,0.067799250,0.018799566,0.410592486,0.059868537,-0.677590323,-0.732998712,-0.143514695,-0.036958359,0.732307733,-0.679970194,1.655781700,0.000000000,0.000000000,0.000000000,1.000000000
2026-08-09T15:06:36.856,1786251996856224377,1786251997,570243000,1786251997570243000,0.424937840,0.164849971,0.343796737,0.003014324,0.048738812,1.572843707,-0.016183360,0.018278897,0.707593355,0.706198007,-0.002044811,-0.999993912,0.002914647,0.424937840,0.998809916,-0.001900152,0.048725224,0.164849971,-0.048719594,0.003010875,0.998808220,0.343796737,0.000000000,0.000000000,0.000000000,1.000000000,0.996233221,0.084613100,0.018973495,0.401529568,0.071479768,-0.677436806,-0.732099731,-0.157773224,-0.049091884,0.730698294,-0.680933176,1.665290566,0.000000000,0.000000000,0.000000000,1.000000000
2026-08-09T15:06:36.922,1786251996922842200,1786251997,638240000,1786251997638240000,0.412782052,0.182033251,0.343404687,-0.020464517,0.023991840,1.556120685,-0.015706827,0.001362386,0.701899350,0.712101637,0.014670536,-0.999690401,-0.020109066,0.412782052,0.999604070,0.014181063,0.024282146,0.182033251,-0.023989694,-0.020457279,0.999503129,0.343404687,0.000000000,0.000000000,0.000000000,1.000000000,0.994720770,0.102405841,-0.006605540,0.391991964,0.066713465,-0.694247954,-0.716637351,-0.172420014,-0.077973733,0.712413379,-0.697414708,1.672760323,0.000000000,0.000000000,0.000000000,1.000000000
2026-08-09T15:06:36.989,1786251996989514160,1786251997,702245000,1786251997702245000,0.400999322,0.195279452,0.343325662,-0.021968918,0.012600305,1.548252363,-0.012258017,-0.003174325,0.699084967,0.714926481,0.022539908,-0.999511140,-0.021677768,0.400999322,0.999666053,0.022259773,0.013088827,0.195279452,-0.012600133,-0.021965491,0.999679578,0.343325662,0.000000000,0.000000000,0.000000000,1.000000000,0.993784789,0.110921537,-0.009391776,0.382379256,0.071634320,-0.701807555,-0.708755727,-0.183231671,-0.085207494,0.703677887,-0.705391462,1.679992746,0.000000000,0.000000000,0.000000000,1.000000000
2026-08-09T15:06:37.056,1786251997056054275,1786251997,770240000,1786251997770240000,0.389523865,0.209589100,0.339549134,-0.018983893,-0.000102444,1.544072909,-0.006765066,-0.006658141,0.697564012,0.716459596,0.026719880,-0.999463026,-0.018978875,0.389523865,0.999642469,0.026717244,0.000404744,0.209589100,0.000102279,-0.018982841,0.999820054,0.339549134,0.000000000,0.000000000,0.000000000,1.000000000,0.993244936,0.115893896,-0.005753429,0.373645206,0.078722230,-0.709441116,-0.700354277,-0.192077918,-0.085248505,0.695170416,-0.713772222,1.689367077,0.000000000,0.000000000,0.000000000,1.000000000
2026-08-09T15:06:37.122,1786251997122846868,1786251997,838243000,1786251997838243000,0.379008235,0.221586866,0.342821303,-0.014903302,0.007471473,1.551487104,-0.007935511,-0.002551048,0.700242637,0.713856267,0.019307128,-0.999704952,-0.014755891,0.379008235,0.999785196,0.019194428,0.007756835,0.221586866,-0.007471565,-0.014902420,0.999861289,0.342821303,0.000000000,0.000000000,0.000000000,1.000000000,0.994122458,0.108250921,-0.001509107,0.362206504,0.075649343,-0.704562449,-0.705598280,-0.202680343,-0.077444923,0.701336933,-0.708610464,1.698720484,0.000000000,0.000000000,0.000000000,1.000000000
2026-08-09T15:06:37.189,1786251997189503756,1786251997,902243000,1786251997902243000,0.372032440,0.235550554,0.340916111,-0.009678374,0.021298830,1.556617716,-0.010922257,0.004185964,0.702064824,0.712016969,0.014174563,-0.999855828,-0.009375466,0.372032440,0.999672212,0.013971242,0.021431217,0.235550554,-0.021297375,-0.009676108,0.999726615,0.340916111,0.000000000,0.000000000,0.000000000,1.000000000,0.994718444,0.102456756,0.006150599,0.355502778,0.076126278,-0.696236516,-0.713764319,-0.209600552,-0.068847705,0.710462755,-0.700358956,1.713249661,0.000000000,0.000000000,0.000000000,1.000000000
2026-08-09T15:06:37.256,1786251997256044763,1786251997,970247000,1786251997970247000,0.364934071,0.247211914,0.340758351,0.007049978,0.027151666,1.560611029,-0.007045231,0.012127554,0.703393374,0.710662401,0.010181009,-0.999921583,0.007325902,0.364934071,0.999579079,0.010376119,0.027074363,0.247211914,-0.027148480,0.007047244,0.999606829,0.340758351,0.000000000,0.000000000,0.000000000,1.000000000,0.994831037,0.099183882,0.021766170,0.349147292,0.084682174,-0.692060738,-0.716854842,-0.217701511,-0.056036934,0.714992652,-0.696882608,1.722126380,0.000000000,0.000000000,0.000000000,1.000000000
2026-08-09T15:06:37.789,1786251997789520827,1786251998,506242000,1786251998506242000,0.305627854,0.376663738,0.340663798,0.006556909,0.045902520,1.528914691,-0.013518506,0.018832279,0.691905124,0.721616169,0.041824923,-0.999089273,0.008472160,0.305627854,0.998070202,0.042168980,0.045570576,0.376663738,-0.045886542,0.006549889,0.998925446,0.340663798,0.000000000,0.000000000,0.000000000,1.000000000,0.991346311,0.128722060,0.025751164,0.303840720,0.106636854,-0.675252462,-0.729837443,-0.307211985,-0.076557642,0.726267680,-0.683135553,1.821482902,0.000000000,0.000000000,0.000000000,1.000000000
2026-08-09T15:06:37.856,1786251997856029279,1786251998,570247000,1786251998570247000,0.293184605,0.395908198,0.340278540,0.026715585,0.052548549,1.517374243,-0.008381552,0.028250698,0.687415750,0.725666063,0.053322597,-0.998142389,0.029477782,0.293184605,0.997194517,0.054778560,0.051004302,0.395908198,-0.052524502,0.026675473,0.998263554,0.340278540,0.000000000,0.000000000,0.000000000,1.000000000,0.988936555,0.141545436,0.044377703,0.296312213,0.128467704,-0.667660939,-0.733297293,-0.319766460,-0.074165627,0.730885600,-0.678458326,1.837130528,0.000000000,0.000000000,0.000000000,1.000000000
2026-08-09T15:06:37.922,1786251997922839049,1786251998,638248000,1786251998638248000,0.281368274,0.412729866,0.343575529,-0.010717885,0.034655316,1.496786898,-0.015716394,0.009050602,0.680418506,0.732599303,0.073897115,-0.997232989,-0.008126672,0.281368274,0.996663295,0.073567200,0.035343959,0.412729866,-0.034648527,-0.010711313,0.999342416,0.343575529,0.000000000,0.000000000,0.000000000,1.000000000,0.986923893,0.160980794,0.008149419,0.287744636,0.116716178,-0.678852097,-0.724939421,-0.335987240,-0.111169074,0.716411204,-0.688764418,1.842872825,0.000000000,0.000000000,0.000000000,1.000000000
2026-08-09T15:06:38.089,1786251998089605279,1786251998,706245000,1786251998706245000,0.269762737,0.427098062,0.343388410,-0.026374024,0.018690294,1.485569253,-0.016032560,-0.002035453,0.676344086,0.736408508,0.085108696,-0.996066069,-0.024685060,0.269762737,0.996195887,0.084603171,0.020859616,0.427098062,-0.018689362,-0.026366435,0.999477877,0.343388410,0.000000000,0.000000000,0.000000000,1.000000000,0.985066096,0.171868168,-0.010301461,0.277429895,0.112632058,-0.688495238,-0.716441433,-0.348290062,-0.130225983,0.704581890,-0.697571182,1.849955140,0.000000000,0.000000000,0.000000000,1.000000000
2026-08-09T15:06:38.122,1786251998122942269,1786251998,770246000,1786251998770246000,0.259488422,0.443734396,0.339128160,-0.021963341,0.007459345,1.479427340,-0.010625446,-0.004647492,0.674061358,0.738584312,0.091239000,-0.995603784,-0.021189693,0.259488422,0.995800597,0.091056679,0.009430105,0.443734396,-0.007459436,-0.021961043,0.999731250,0.339128160,0.000000000,0.000000000,0.000000000,1.000000000,0.983757712,0.179236558,-0.009747853,0.269042346,0.119955774,-0.696846124,-0.707118160,-0.358706664,-0.133534179,0.694463632,-0.707028208,1.861392885,0.000000000,0.000000000,0.000000000,1.000000000
2026-08-09T15:06:38.189,1786251998189496683,1786251998,838245000,1786251998838245000,0.250725675,0.452557940,0.342934500,-0.017469003,0.028711596,1.482748388,-0.016135107,0.004689482,0.675299208,0.737352457,0.087897602,-0.996018650,-0.014876600,0.250725675,0.995715271,0.087421179,0.030128053,0.452557940,-0.028707802,-0.017460985,0.999435585,0.342934500,0.000000000,0.000000000,0.000000000,1.000000000,0.984648437,0.174509536,-0.003725202,0.259546164,0.117940775,-0.680896058,-0.722821231,-0.366277550,-0.128675674,0.711285442,-0.691025029,1.870207005,0.000000000,0.000000000,0.000000000,1.000000000
2026-08-09T15:06:38.256,1786251998256603434,1786251998,906246000,1786251998906246000,0.246210867,0.459335334,0.341392613,-0.011660304,0.019323351,1.490816066,-0.010836864,0.003145057,0.678269900,0.734726217,0.079879730,-0.996753778,-0.010079282,0.246210867,0.996616729,0.079664911,0.020190574,0.459335334,-0.019322303,-0.011657937,0.999745593,0.341392613,0.000000000,0.000000000,0.000000000,1.000000000,0.985910952,0.167264109,0.001520738,0.254349850,0.118119805,-0.689743091,-0.714354380,-0.371283295,-0.118436931,0.704469436,-0.699782472,1.873774049,0.000000000,0.000000000,0.000000000,1.000000000
2026-08-09T15:06:38.289,1786251998289539272,1786251998,970248000,1786251998970248000,0.243247401,0.463865662,0.341835244,-0.001484777,0.021556957,1.494222058,-0.007868696,0.007403090,0.679488302,0.733606792,0.076481310,-0.997071231,0.000168387,0.243247401,0.996837499,0.076467361,0.021605608,0.463865662,-0.021555439,-0.001484505,0.999766808,0.341835244,0.000000000,0.000000000,0.000000000,1.000000000,0.986356565,0.164224305,0.011450062,0.251630394,0.122881994,-0.688193823,-0.715044948,-0.374702143,-0.109547898,0.706696286,-0.698984705,1.877268122,0.000000000,0.000000000,0.000000000,1.000000000
2026-08-09T15:06:38.789,1786251998789432080,1786251999,506251000,1786251999506251000,0.239784740,0.463485188,0.345036871,0.007216322,0.025984166,1.490493838,-0.006158837,0.011994492,0.678057200,0.734885457,0.080188758,-0.996736754,0.009276916,0.239784740,0.996440544,0.080400907,0.025317910,0.463485188,-0.025981390,0.007213753,0.999636656,0.345036871,0.000000000,0.000000000,0.000000000,1.000000000,0.985495933,0.168590991,0.019360899,0.249676332,0.131255922,-0.684952725,-0.716667041,-0.376379225,-0.107562306,0.708813687,-0.697146690,1.875179989,0.000000000,0.000000000,0.000000000,1.000000000
2026-08-09T15:06:38.856,1786251998856555514,1786251999,570248000,1786251999570248000,0.239096220,0.463293929,0.346396303,0.002372551,0.023004183,1.489764088,-0.006924865,0.009259881,0.677829749,0.735127970,0.080921798,-0.996711721,0.004226482,0.239096220,0.996454507,0.080997657,0.022734496,0.463293929,-0.023002304,0.002371849,0.999732855,0.346396303,0.000000000,0.000000000,0.000000000,1.000000000,0.985517921,0.168596029,0.018160578,0.250047917,0.130427625,-0.685221297,-0.716561518,-0.376580631,-0.108365412,0.708552859,-0.697287447,1.875546817,0.000000000,0.000000000,0.000000000,1.000000000
2026-08-09T15:06:38.922,1786251998922838563,1786251999,638250000,1786251999638250000,0.239113827,0.463517312,0.346289920,0.002622556,0.024494199,1.489617812,-0.007337251,0.009892807,0.677768104,0.735172561,0.081064685,-0.996698456,0.004599778,0.239113827,0.996407392,0.081153026,0.024198276,0.463517312,-0.024491899,0.002621695,0.999696848,0.346289920,0.000000000,0.000000000,0.000000000,1.000000000,0.985591748,0.168053094,0.019158911,0.249974666,0.130635522,-0.684366023,-0.717340579,-0.376808949,-0.107439596,0.709507790,-0.696459209,1.875406148,0.000000000,0.000000000,0.000000000,1.000000000
2026-08-09T15:06:38.989,1786251998989445850,1786251999,706241000,1786251999706241000,0.239037773,0.463666796,0.346257109,0.004091379,0.025621116,1.490718341,-0.007185184,0.010800834,0.678159461,0.734800287,0.079965801,-0.996779003,0.006127359,0.239037773,0.996467858,0.080096139,0.025208653,0.463666796,-0.025618462,0.004089954,0.999663684,0.346257109,0.000000000,0.000000000,0.000000000,1.000000000,0.985602731,0.168027398,0.018816228,0.249601740,0.130448300,-0.684896952,-0.716867775,-0.377023093,-0.107566249,0.709001381,-0.696955195,1.875074061,0.000000000,0.000000000,0.000000000,1.000000000
2026-08-09T15:06:39.056,1786251999056073565,1786251999,770253000,1786251999770253000,0.238566777,0.464461185,0.346300467,0.002850213,0.023761420,1.489728092,-0.007005766,0.009700218,0.677810890,0.735138914,0.080956232,-0.996706497,0.004764694,0.238566777,0.996433947,0.081046536,0.023450176,0.464461185,-0.023759334,0.002849333,0.999713904,0.346300467,0.000000000,0.000000000,0.000000000,1.000000000,0.985384307,0.169345660,0.018434066,0.249967884,0.131127846,-0.684992469,-0.716652500,-0.377240841,-0.108734795,0.708595346,-0.697186761,1.876294202,0.000000000,0.000000000,0.000000000,1.000000000
2026-08-09T15:06:39.222,1786251999222892714,1786251999,838248000,1786251999838248000,0.238976140,0.465234428,0.346085129,0.001402280,0.023711252,1.487868166,-0.007512427,0.009198053,0.677134009,0.735763884,0.082809483,-0.996559956,0.003361199,0.238976140,0.996282837,0.082866096,0.023511300,0.465234428,-0.023709180,0.001401814,0.999718172,0.346085129,0.000000000,0.000000000,0.000000000,1.000000000,0.985362209,0.169438837,0.018756268,0.250307064,0.131445764,-0.685102871,-0.716488707,-0.377681235,-0.108551040,0.708466327,-0.697346496,1.877114886,0.000000000,0.000000000,0.000000000,1.000000000
2026-08-09T15:06:39.256,1786251999256097338,1786251999,906248000,1786251999906248000,0.238893372,0.465851239,0.346653852,0.001580554,0.024551310,1.490139409,-0.007742123,0.009558662,0.677964620,0.734991609,0.080544838,-0.996744882,0.003553148,0.238893372,0.996448144,0.080607969,0.024341587,0.465851239,-0.024548993,0.001580006,0.999697636,0.346653852,0.000000000,0.000000000,0.000000000,1.000000000,0.985612826,0.167900472,0.019411034,0.250386218,0.130793410,-0.684918491,-0.716784308,-0.378245969,-0.107053448,0.709010643,-0.697024725,1.877396326,0.000000000,0.000000000,0.000000000,1.000000000
2026-08-09T15:06:39.322,1786251999322849713,1786251999,970251000,1786251999970251000,0.239200692,0.467128064,0.346286071,0.002716771,0.024744100,1.490608727,-0.007392272,0.010012931,0.678130633,0.734835996,0.080076798,-0.996777893,0.004689720,0.239200692,0.996481099,0.080168300,0.024444291,0.467128064,-0.024741725,0.002715865,0.999690445,0.346286071,0.000000000,0.000000000,0.000000000,1.000000000,0.985629819,0.167803462,0.019387037,0.250494776,0.130786882,-0.685450498,-0.716276766,-0.379081000,-0.106904867,0.708519310,-0.697546943,1.878285179,0.000000000,0.000000000,0.000000000,1.000000000
2026-08-09T15:06:39.789,1786251999789464979,1786252000,506247000,1786252000506247000,0.240030081,0.471391718,0.347410713,0.005216951,0.026255084,1.488520243,-0.006974076,0.011423069,0.677341886,0.735546630,0.082154590,-0.996592674,0.007356580,0.240030081,0.996273292,0.082318565,0.025734090,0.471391718,-0.026252216,0.005215059,0.999642006,0.347410713,0.000000000,0.000000000,0.000000000,1.000000000,0.985287970,0.169628314,0.020829093,0.251522152,0.132907297,-0.683906928,-0.717361111,-0.382766130,-0.107439595,0.709575612,-0.696390110,1.880711057,0.000000000,0.000000000,0.000000000,1.000000000
2026-08-09T15:06:39.856,1786251999856409139,1786252000,570256000,1786252000570256000,0.240870630,0.473918407,0.345556937,0.008804534,0.024878936,1.490094433,-0.005198090,0.012127905,0.677907240,0.735029025,0.080589001,-0.996689339,0.010780927,0.240870630,0.996436450,0.080829410,0.024084610,0.473918407,-0.024876518,0.008801625,0.999652042,0.345556937,0.000000000,0.000000000,0.000000000,1.000000000,0.985422420,0.168651177,0.022348035,0.251942474,0.133338792,-0.684066458,-0.717128891,-0.383649570,-0.105657090,0.709654748,-0.696582169,1.882642969,0.000000000,0.000000000,0.000000000,1.000000000
2026-08-09T15:06:39.922,1786251999922823762,1786252000,638253000,1786252000638253000,0.241061169,0.474465752,0.345509337,0.007758445,0.024836601,1.488669693,-0.005559813,0.011761734,0.677389947,0.735509083,0.082008668,-0.996583962,0.009769249,0.241061169,0.996321669,0.082223800,0.024113074,0.474465752,-0.024834196,0.007755904,0.999661754,0.345509337,0.000000000,0.000000000,0.000000000,1.000000000,0.985220033,0.170062377,0.020500610,0.252042221,0.133012320,-0.684130319,-0.717128600,-0.384019219,-0.107931506,0.709256296,-0.696639287,1.883263498,0.000000000,0.000000000,0.000000000,1.000000000
2026-08-09T15:06:40.056,1786252000056546871,1786252000,706250000,1786252000706250000,0.240867537,0.476111466,0.345108850,0.006738392,0.023963084,1.489285924,-0.005642474,0.011093293,0.677627139,0.735300321,0.081396423,-0.996644352,0.008666664,0.240867537,0.996393257,0.081579148,0.023331986,0.476111466,-0.023960940,0.006736335,0.999690457,0.345108850,0.000000000,0.000000000,0.000000000,1.000000000,0.985364775,0.169112340,0.021384008,0.252332474,0.133053266,-0.684642774,-0.716631775,-0.384730097,-0.106550870,0.708988920,-0.697123822,1.884694768,0.000000000,0.000000000,0.000000000,1.000000000
2026-08-09T15:06:40.122,1786252000122899901,1786252000,770257000,1786252000770257000,0.240926322,0.477176412,0.344685209,0.007956078,0.025247742,1.490190317,-0.005635506,0.011975575,0.677945456,0.734993051,0.080492713,-0.996705635,0.009962646,0.240926322,0.996434960,0.080716301,0.024521616,0.477176412,-0.025245208,0.007953387,0.999649908,0.344685209,0.000000000,0.000000000,0.000000000,1.000000000,0.985281329,0.169668404,0.020816702,0.252477426,0.133066570,-0.684829066,-0.716451281,-0.385189898,-0.107303263,0.708676078,-0.697326485,1.885314098,0.000000000,0.000000000,0.000000000,1.000000000
2026-08-09T15:06:40.189,1786252000189481268,1786252000,838252000,1786252000838252000,0.241115668,0.477241079,0.345650189,0.006871834,0.024907452,1.489817856,-0.005916461,0.011484101,0.677816835,0.735117303,0.080864531,-0.996685917,0.008863617,0.241115668,0.996413416,0.081058568,0.024266747,0.477241079,-0.024905025,0.006869577,0.999666476,0.345650189,0.000000000,0.000000000,0.000000000,1.000000000,0.985442801,0.168562836,0.022114624,0.252668638,0.133184892,-0.684597081,-0.716650976,-0.385585542,-0.105661114,0.709163878,-0.697081288,1.885957154,0.000000000,0.000000000,0.000000000,1.000000000
2026-08-09T15:06:40.322,1786252000322859717,1786252000,906253000,1786252000906253000,0.241848166,0.477597963,0.345015374,0.007399171,0.025781832,1.488312787,-0.006009976,0.011988704,0.677255447,0.735625727,0.082362285,-0.996557425,0.009497669,0.241848166,0.996268497,0.082577781,0.025080944,0.477597963,-0.025779124,0.007396575,0.999640557,0.345015374,0.000000000,0.000000000,0.000000000,1.000000000,0.985252877,0.169907637,0.020203068,0.252642279,0.132707405,-0.684276688,-0.717045437,-0.385797930,-0.108007007,0.709152176,-0.696733577,1.886064890,0.000000000,0.000000000,0.000000000,1.000000000
2026-08-09T15:06:40.389,1786252000389423208,1786252000,970255000,1786252000970255000,0.240748567,0.476945711,0.346641665,0.004900230,0.026136486,1.488156892,-0.007048341,0.011273471,0.677210678,0.735669034,0.082516838,-0.996565028,0.007040511,0.240748567,0.996246471,0.082671940,0.025639449,0.476945711,-0.026133658,0.004898467,0.999646714,0.346641665,0.000000000,0.000000000,0.000000000,1.000000000,0.985356875,0.169065928,0.022102944,0.252619011,0.133412699,-0.683772072,-0.717395850,-0.386010419,-0.106173820,0.709839747,-0.696315054,1.885068147,0.000000000,0.000000000,0.000000000,1.000000000
2026-08-09T15:06:40.789,1786252000789440247,1786252001,506257000,1786252001506257000,0.240596314,0.481969398,0.346227576,0.004130467,0.025862182,1.487028979,-0.007232444,0.010916011,0.676801390,0.736049190,0.083641062,-0.996476389,0.006279435,0.240596314,0.996159871,0.083775042,0.025422740,0.481969398,-0.025859448,0.004129004,0.999657319,0.346227576,0.000000000,0.000000000,0.000000000,1.000000000,0.985019064,0.171236168,0.020386703,0.253233462,0.133713933,-0.683772541,-0.717339317,-0.389038075,-0.108894568,0.709318890,-0.696425650,1.888963871,0.000000000,0.000000000,0.000000000,1.000000000
2026-08-09T15:06:40.856,1786252000856562996,1786252001,570263000,1786252001570263000,0.240320016,0.481951125,0.346542077,0.003538274,0.024854547,1.485671455,-0.007102358,0.010349616,0.676309813,0.736510338,0.084995468,-0.996365611,0.005638258,0.240320016,0.996070866,0.085109090,0.024460942,0.481951125,-0.024852137,0.003537103,0.999685138,0.346542077,0.000000000,0.000000000,0.000000000,1.000000000,0.984851959,0.172227586,0.020106636,0.253135090,0.134291358,-0.684239731,-0.716785757,-0.389207528,-0.109692521,0.708628004,-0.697003517,1.888867396,0.000000000,0.000000000,0.000000000,1.000000000
2026-08-09T15:06:40.922,1786252000922831743,1786252001,638257000,1786252001638257000,0.240661264,0.483405788,0.345008654,0.005100157,0.024850337,1.485843972,-0.006526699,0.010875659,0.676365075,0.736457336,0.084823636,-0.996370266,0.007189903,0.240661264,0.996085618,0.084975280,0.024325029,0.483405788,-0.024847928,0.005098490,0.999678498,0.345008654,0.000000000,0.000000000,0.000000000,1.000000000,0.984702841,0.173186852,0.019147558,0.253342003,0.134195987,-0.683702730,-0.717315839,-0.389478183,-0.111138435,0.708912470,-0.696485002,1.889920858,0.000000000,0.000000000,0.000000000,1.000000000
2026-08-09T15:06:40.989,1786252000989415636,1786252001,706258000,1786252001706258000,0.240232393,0.482556998,0.346370432,0.002594268,0.023101917,1.484516697,-0.006851884,0.009388956,0.675897206,0.736904245,0.086149253,-0.996271964,0.004575032,0.240232393,0.996013917,0.086231942,0.022790231,0.482556998,-0.023100012,0.002593502,0.999730052,0.346370432,0.000000000,0.000000000,0.000000000,1.000000000,0.984641098,0.173571305,0.018839077,0.253338978,0.134318564,-0.684160734,-0.716856062,-0.389559500,-0.111536685,0.708376377,-0.696966625,1.889499365,0.000000000,0.000000000,0.000000000,1.000000000
2026-08-09T15:06:41.056,1786252001056642155,1786252001,774255000,1786252001774255000,0.240683811,0.483894118,0.345312110,0.007523841,0.025101320,1.485913771,-0.005719521,0.011787510,0.676375693,0.736440265,0.084753578,-0.996355686,0.009624353,0.240683811,0.996085291,0.084966323,0.024369669,0.483894118,-0.025098832,0.007521330,0.999656938,0.345312110,0.000000000,0.000000000,0.000000000,1.000000000,0.984622717,0.173399722,0.021228310,0.253545209,0.135911716,-0.684011947,-0.716697748,-0.389969347,-0.109754772,0.708562060,-0.697060756,1.890089652,0.000000000,0.000000000,0.000000000,1.000000000
2026-08-09T15:06:41.122,1786252001122833524,1786252001,838258000,1786252001838258000,0.241529224,0.483641295,0.345404517,0.008352312,0.025688055,1.484755140,-0.005605791,0.012286965,0.675940585,0.736832363,0.085906336,-0.996247813,0.010528352,0.241529224,0.995971581,0.086145706,0.024871502,0.483641295,-0.025685378,0.008349390,0.999635466,0.345404517,0.000000000,0.000000000,0.000000000,1.000000000,0.984555291,0.173867846,0.020514660,0.253572254,0.135671048,-0.683650430,-0.717088179,-0.390153720,-0.110653721,0.708796206,-0.696680481,1.889890407,0.000000000,0.000000000,0.000000000,1.000000000
2026-08-09T15:06:41.222,1786252001222838181,1786252001,906261000,1786252001906261000,0.240494022,0.484936396,0.345596910,0.004892587,0.024129627,1.483622000,-0.006347670,0.010547149,0.675551220,0.737210291,0.087038236,-0.996180783,0.006974429,0.240494022,0.995912265,0.087180417,0.023609341,0.484936396,-0.024127434,0.004891072,0.999697183,0.345596910,0.000000000,0.000000000,0.000000000,1.000000000,0.984406466,0.174757207,0.020095488,0.253754966,0.136036835,-0.683868023,-0.716811347,-0.390657981,-0.111525287,0.708367451,-0.696977521,1.891467830,0.000000000,0.000000000,0.000000000,1.000000000
2026-08-09T15:06:41.356,1786252001356521776,1786252001,974254000,1786252001974254000,0.241012140,0.484396253,0.346393490,0.007188888,0.023986737,1.484139126,-0.005455883,0.011268700,0.675730030,0.737042859,0.086523509,-0.996207208,0.009237469,0.241012140,0.995960566,0.086718224,0.023271564,0.484396253,-0.023984585,0.007186688,0.999686754,0.346393490,0.000000000,0.000000000,0.000000000,1.000000000,0.984574404,0.173572512,0.022041475,0.253744284,0.136585217,-0.683739126,-0.716830026,-0.390882138,-0.109351370,0.708783035,-0.696899482,1.891146070,0.000000000,0.000000000,0.000000000,1.000000000
2026-08-09T15:06:41.856,1786252001856454345,1786252002,506257000,1786252002506257000,0.240554298,0.487605320,0.346493436,0.002677818,0.023528381,1.483224799,-0.006959042,0.009578816,0.675418780,0.737339331,0.087435060,-0.996159242,0.004724988,0.240554298,0.995891886,0.087521992,0.023201702,0.487605320,-0.023526360,0.002677003,0.999719890,0.346493436,0.000000000,0.000000000,0.000000000,1.000000000,0.984458816,0.174507562,0.019696460,0.254236511,0.135610724,-0.684142860,-0.716629806,-0.392969496,-0.111582127,0.708163582,-0.697175566,1.893219809,0.000000000,0.000000000,0.000000000,1.000000000
2026-08-09T15:06:41.922,1786252001922848325,1786252002,574261000,1786252002574261000,0.240981098,0.488889149,0.345441741,0.005033614,0.024074611,1.484296455,-0.006280668,0.010572389,0.675799320,0.736983078,0.086366632,-0.996238388,0.007094249,0.240981098,0.995972063,0.086511570,0.023547046,0.488889149,-0.024072435,0.005032063,0.999697809,0.345441741,0.000000000,0.000000000,0.000000000,1.000000000,0.984570560,0.173716559,0.021056362,0.254424243,0.135977885,-0.683783064,-0.716903575,-0.393319825,-0.110140039,0.708705353,-0.696854285,1.894111292,0.000000000,0.000000000,0.000000000,1.000000000
2026-08-09T15:06:41.989,1786252001989539397,1786252002,638260000,1786252002638260000,0.240997370,0.489349541,0.345314039,0.004227056,0.024690369,1.483821897,-0.006783456,0.010528352,0.675625623,0.737138491,0.086837966,-0.996202402,0.006355401,0.240997370,0.995916009,0.086967908,0.024227069,0.489349541,-0.024688009,0.004225685,0.999686531,0.345314039,0.000000000,0.000000000,0.000000000,1.000000000,0.984460232,0.174480336,0.019866139,0.254528925,0.135606689,-0.683456411,-0.717285271,-0.393495192,-0.111574535,0.708832806,-0.696496358,1.894355344,0.000000000,0.000000000,0.000000000,1.000000000
2026-08-09T15:06:42.056,1786252002056514250,1786252002,706260000,1786252002706260000,0.240389882,0.489229500,0.346240748,0.003825512,0.025030784,1.482480573,-0.007039400,0.010522889,0.675131533,0.737588726,0.088172987,-0.996087224,0.006017935,0.240389882,0.995790206,0.088295625,0.024592961,0.489229500,-0.025028319,0.003824234,0.999679685,0.346240748,0.000000000,0.000000000,0.000000000,1.000000000,0.984271765,0.175411163,0.020976588,0.254518910,0.137080681,-0.683446374,-0.717014603,-0.393748161,-0.111435992,0.708612713,-0.696742450,1.894578749,0.000000000,0.000000000,0.000000000,1.000000000
2026-08-09T15:06:42.089,1786252002089638349,1786252002,774261000,1786252002774261000,0.240808725,0.489944015,0.345793673,0.005445108,0.025629837,1.484273468,-0.006654450,0.011284560,0.675780569,0.736986431,0.086386187,-0.996232664,0.007639086,0.240808725,0.995931575,0.086552587,0.025060180,0.489944015,-0.025627179,0.005443223,0.999657008,0.345793673,0.000000000,0.000000000,0.000000000,1.000000000,0.984463734,0.174266579,0.021501526,0.254630157,0.136645640,-0.683460174,-0.717084486,-0.394035000,-0.110268424,0.708881760,-0.696654523,1.894972666,0.000000000,0.000000000,0.000000000,1.000000000
2026-08-09T15:06:42.156,1786252002156137090,1786252002,838263000,1786252002838263000,0.240959138,0.490015970,0.345708675,0.004813137,0.026755549,1.483450810,-0.007262996,0.011488802,0.675474922,0.737257680,0.087202898,-0.996165293,0.007128320,0.240959138,0.995830802,0.087361662,0.026230122,0.490015970,-0.026752505,0.004811327,0.999630767,0.345708675,0.000000000,0.000000000,0.000000000,1.000000000,0.984349800,0.175038136,0.020423575,0.254662746,0.136333409,-0.682955804,-0.717624255,-0.394169558,-0.111663212,0.709177708,-0.696130954,1.894684914,0.000000000,0.000000000,0.000000000,1.000000000
2026-08-09T15:06:42.222,1786252002222966314,1786252002,906260000,1786252002906260000,0.241496643,0.491011516,0.345011708,0.008119740,0.024657488,1.482588678,-0.005330316,0.011834500,0.675149376,0.737566846,0.088066153,-0.996062015,0.010259800,0.241496643,0.995808970,0.088289722,0.023842969,0.491011516,-0.024655138,0.008117112,0.999663319,0.345011708,0.000000000,0.000000000,0.000000000,1.000000000,0.984106721,0.176372009,0.020661001,0.254848207,0.137456565,-0.682925390,-0.717438920,-0.394645418,-0.112426222,0.708876453,-0.696314957,1.895769709,0.000000000,0.000000000,0.000000000,1.000000000
2026-08-09T15:06:42.289,1786252002289514826,1786252002,974260000,1786252002974260000,0.240277962,0.491954133,0.345375122,0.005226060,0.024769301,1.482591927,-0.006435218,0.010898877,0.675166416,0.737556854,0.088062674,-0.996087769,0.007387245,0.240277962,0.995806504,0.088217703,0.024209717,0.491954133,-0.024766916,0.005224363,0.999679859,0.345375122,0.000000000,0.000000000,0.000000000,1.000000000,0.984102731,0.176309481,0.021372458,0.254902246,0.137996939,-0.683346858,-0.716933691,-0.394936213,-0.111797405,0.708485737,-0.696813677,1.896923987,0.000000000,0.000000000,0.000000000,1.000000000
2026-08-09T15:06:42.789,1786252002789497834,1786252003,506261000,1786252003506261000,0.240649727,0.492626862,0.345310109,0.006763562,0.025068820,1.483852920,-0.005976606,0.011524591,0.675621099,0.737134719,0.086806251,-0.996185554,0.008914358,0.240649727,0.995909324,0.087000726,0.024383570,0.492626862,-0.025066343,0.006761315,0.999663182,0.345310109,0.000000000,0.000000000,0.000000000,1.000000000,0.984236854,0.175508639,0.021783772,0.254957284,0.137683386,-0.683094538,-0.717234367,-0.395421939,-0.111000452,0.708927760,-0.696491443,1.897010710,0.000000000,0.000000000,0.000000000,1.000000000
2026-08-09T15:06:42.889,1786252002889556407,1786252003,574263000,1786252003574263000,0.240065762,0.493283839,0.345947590,0.003896372,0.024491437,1.483257004,-0.006835209,0.010345256,0.675420095,0.737328930,0.087400965,-0.996155235,0.006022287,0.240065762,0.995871669,0.087521855,0.024054310,0.493283839,-0.024489137,0.003895123,0.999692765,0.345947590,0.000000000,0.000000000,0.000000000,1.000000000,0.984237261,0.175468789,0.022084350,0.255153364,0.137921774,-0.683401060,-0.716896489,-0.395674540,-0.110700490,0.708642149,-0.696829754,1.897713401,0.000000000,0.000000000,0.000000000,1.000000000
2026-08-09T15:06:42.922,1786252002922890709,1786252003,638263000,1786252003638263000,0.240355553,0.493125634,0.345764794,0.004390283,0.025481309,1.482842907,-0.006985176,0.010878414,0.675259865,0.737466597,0.087811173,-0.996115425,0.006611163,0.240355553,0.995810756,0.087950549,0.024994109,0.493125634,-0.025478700,0.004388774,0.999665989,0.345764794,0.000000000,0.000000000,0.000000000,1.000000000,0.984178427,0.175866709,0.021534262,0.255052643,0.137689831,-0.682661300,-0.717645497,-0.395412271,-0.111509345,0.709256266,-0.696075582,1.897791994,0.000000000,0.000000000,0.000000000,1.000000000
2026-08-09T15:06:42.989,1786252002989456507,1786252003,706265000,1786252003706265000,0.241365355,0.493408101,0.344490552,0.006987506,0.027422968,1.482277680,-0.006679572,0.012473091,0.675025551,0.737658668,0.088369478,-0.996043788,0.009383853,0.241365355,0.995709809,0.088591683,0.026693728,0.493408101,-0.027419678,0.006984753,0.999599865,0.344490552,0.000000000,0.000000000,0.000000000,1.000000000,0.984075501,0.176500934,0.021043502,0.254939730,0.137793601,-0.682709835,-0.717579406,-0.395246770,-0.112286829,0.709051974,-0.696158722,1.897850211,0.000000000,0.000000000,0.000000000,1.000000000
2026-08-09T15:06:43.089,1786252003089515129,1786252003,774288000,1786252003774288000,0.241704061,0.493839797,0.345373659,0.005920516,0.024857743,1.481965994,-0.006205481,0.011167869,0.674931259,0.737769995,0.088685771,-0.996026928,0.008101939,0.241704061,0.995749002,0.088858480,0.024231451,0.493839797,-0.024855331,0.005918582,0.999673795,0.345373659,0.000000000,0.000000000,0.000000000,1.000000000,0.984187991,0.175889336,0.020903102,0.255030338,0.137250735,-0.682692755,-0.717699685,-0.395523133,-0.111965325,0.709220377,-0.696038952,1.899470486,0.000000000,0.000000000,0.000000000,1.000000000
2026-08-09T15:06:43.122,1786252003122851932,1786252003,838267000,1786252003838267000,0.239612320,0.492029310,0.347468540,0.001970233,0.026709353,1.480822281,-0.008281539,0.010522499,0.674521275,0.738133960,0.089820275,-0.995948664,0.004361729,0.239612320,0.995599376,0.089904836,0.026420998,0.492029310,-0.026706325,0.001969460,0.999641640,0.347468540,0.000000000,0.000000000,0.000000000,1.000000000,0.984013642,0.176738262,0.021925741,0.254618580,0.138469126,-0.681837163,-0.718278765,-0.394740109,-0.111997556,0.709832142,-0.695409863,1.897482159,0.000000000,0.000000000,0.000000000,1.000000000
2026-08-09T15:06:43.222,1786252003222938883,1786252003,906262000,1786252003906262000,0.241036190,0.493620598,0.345797705,0.006404981,0.026650896,1.482902951,-0.006637562,0.011989666,0.675264176,0.737448631,0.087748704,-0.996104708,0.008719159,0.241036190,0.995785661,0.087948375,0.025982035,0.493620598,-0.026647889,0.006402593,0.999624636,0.345797705,0.000000000,0.000000000,0.000000000,1.000000000,0.984180074,0.175771520,0.022225105,0.254873661,0.138030311,-0.682053296,-0.718158015,-0.395077130,-0.111073020,0.709864546,-0.695525061,1.898926337,0.000000000,0.000000000,0.000000000,1.000000000
2026-08-09T15:06:43.289,1786252003289571143,1786252003,974264000,1786252003974264000,0.240021855,0.493811636,0.346464746,0.001271660,0.025390173,1.480874701,-0.008094696,0.009799827,0.674550361,0.738119401,0.089771171,-0.995956329,0.003546173,0.240021855,0.995638305,0.089832479,0.025170586,0.493811636,-0.025387594,0.001271180,0.999677132,0.346464746,0.000000000,0.000000000,0.000000000,1.000000000,0.984057257,0.176618618,0.020908825,0.254823651,0.137619500,-0.681700361,-0.718571842,-0.395159935,-0.112659612,0.709993297,-0.695138353,1.899102875,0.000000000,0.000000000,0.000000000,1.000000000
2026-08-09T15:06:43.856,1786252003856450238,1786252004,506276000,1786252004506276000,0.239976906,0.495610822,0.345942896,0.002791328,0.026114825,1.482422751,-0.007786445,0.010573779,0.675110322,0.737599904,0.088228119,-0.996087542,0.005084867,0.239976906,0.995757495,0.088330753,0.025763426,0.495610822,-0.026112005,0.002790303,0.999655387,0.345942896,0.000000000,0.000000000,0.000000000,1.000000000,0.984117731,0.176172193,0.021809384,0.255121611,0.138040386,-0.682224570,-0.717993376,-0.396050099,-0.111611570,0.709600588,-0.695708174,1.900657935,0.000000000,0.000000000,0.000000000,1.000000000
2026-08-09T15:06:43.922,1786252003922864087,1786252004,574266000,1786252004574266000,0.240078957,0.495674848,0.346016262,0.003693813,0.025929762,1.482125016,-0.007389527,0.010811268,0.674996609,0.737704609,0.088525013,-0.996056258,0.005975082,0.240078957,0.995735979,0.088649852,0.025497643,0.495674848,-0.025927005,0.003692493,0.999657277,0.346016262,0.000000000,0.000000000,0.000000000,1.000000000,0.983987095,0.176940011,0.021485575,0.255166309,0.138293341,-0.681845008,-0.718305183,-0.396189570,-0.112447095,0.709774343,-0.695396314,1.900646316,0.000000000,0.000000000,0.000000000,1.000000000
2026-08-09T15:06:43.989,1786252003989498774,1786252004,638273000,1786252004638273000,0.239448583,0.494870472,0.346746685,0.000085340,0.028238152,1.481340012,-0.009495502,0.010448556,0.674714836,0.737943462,0.089301059,-0.996001492,0.002607225,0.239448583,0.995603917,0.089339356,0.028113807,0.494870472,-0.028234547,0.000085237,0.999601580,0.346746685,0.000000000,0.000000000,0.000000000,1.000000000,0.983997793,0.176992196,0.020545235,0.255013516,0.137514368,-0.681030919,-0.719226450,-0.395842790,-0.113305529,0.710542504,-0.694471891,1.899742345,0.000000000,0.000000000,0.000000000,1.000000000
2026-08-09T15:06:44.056,1786252004056577619,1786252004,706268000,1786252004706268000,0.242191572,0.496183355,0.344280792,0.009595764,0.026061548,1.482200602,-0.005257517,0.012851523,0.674988835,0.737697275,0.088449445,-0.996010243,0.011863386,0.242191572,0.995739256,0.088724769,0.025106110,0.496183355,-0.026058745,0.009592289,0.999614648,0.344280792,0.000000000,0.000000000,0.000000000,1.000000000,0.984050002,0.176484310,0.022335674,0.255237321,0.138599183,-0.681916275,-0.718178571,-0.396294066,-0.111516190,0.709819330,-0.695500293,1.901071864,0.000000000,0.000000000,0.000000000,1.000000000
2026-08-09T15:06:44.122,1786252004122837024,1786252004,774267000,1786252004774267000,0.240944266,0.495725730,0.345411385,0.003937911,0.027860951,1.480441268,-0.007941522,0.011612627,0.674363829,0.738265200,0.090196770,-0.995903398,0.006435296,0.240944266,0.995533792,0.090340624,0.027388098,0.495725730,-0.027857494,0.003936304,0.999604412,0.345411385,0.000000000,0.000000000,0.000000000,1.000000000,0.983824381,0.178092821,0.019301146,0.254940432,0.137412396,-0.681160303,-0.719123407,-0.396216054,-0.114923542,0.710143357,-0.694614275,1.900694625,0.000000000,0.000000000,0.000000000,1.000000000
2026-08-09T15:06:44.156,1786252004156130312,1786252004,842265000,1786252004842265000,0.240578709,0.496382362,0.344955092,0.004975681,0.029390193,1.480365118,-0.008073634,0.012527307,0.674320817,0.738288100,0.090268626,-0.995888611,0.007608933,0.240578709,0.995483329,0.090452409,0.028816113,0.496382362,-0.029386108,0.004973443,0.999556020,0.344955092,0.000000000,0.000000000,0.000000000,1.000000000,0.983772691,0.178222946,0.020685103,0.254811815,0.138399469,-0.680429086,-0.719626185,-0.396272405,-0.114179153,0.710811396,-0.694053514,1.900923141,0.000000000,0.000000000,0.000000000,1.000000000
2026-08-09T15:06:44.222,1786252004222829310,1786252004,906269000,1786252004906269000,0.241260080,0.496976708,0.344691106,0.005572691,0.026386929,1.479704334,-0.006836736,0.011622282,0.674090292,0.738525869,0.090934024,-0.995825415,0.007949406,0.241260080,0.995506863,0.091110981,0.025767077,0.496976708,-0.026384015,0.005570653,0.999636617,0.344691106,0.000000000,0.000000000,0.000000000,1.000000000,0.983822607,0.177927137,0.020856946,0.254913336,0.138348179,-0.680643100,-0.719433632,-0.396520537,-0.113810631,0.710680592,-0.694247965,1.902117148,0.000000000,0.000000000,0.000000000,1.000000000
2026-08-09T15:06:44.289,1786252004289544671,1786252004,974280000,1786252004974280000,0.240824651,0.496787537,0.344592657,0.004941712,0.029459867,1.478867148,-0.008100271,0.012547642,0.673767465,0.738792491,0.091759541,-0.995752227,0.007624660,0.240824651,0.995344952,0.091943484,0.028877155,0.496787537,-0.029455752,0.004939480,0.999554139,0.344592657,0.000000000,0.000000000,0.000000000,1.000000000,0.983596827,0.179276787,0.019927758,0.254753784,0.138576174,-0.680292491,-0.719721314,-0.396404232,-0.115472621,0.710677114,-0.693977027,1.901401707,0.000000000,0.000000000,0.000000000,1.000000000
2026-08-09T15:06:44.989,1786252004989446818,1786252005,506272000,1786252005506272000,0.240587098,0.496647279,0.345738684,0.003566802,0.027498094,1.477498016,-0.007939437,0.011365255,0.673280724,0.739256967,0.093127418,-0.995635659,0.006112597,0.240587098,0.995274007,0.093259972,0.027042513,0.496647279,-0.027494776,0.003565377,0.999615847,0.345738684,0.000000000,0.000000000,0.000000000,1.000000000,0.983462736,0.180049992,0.019571580,0.255295391,0.138944549,-0.680759480,-0.719208553,-0.397950661,-0.116169955,0.710034176,-0.694518545,1.901319335,0.000000000,0.000000000,0.000000000,1.000000000
2026-08-09T15:06:45.056,1786252005056061653,1786252005,574269000,1786252005574269000,0.239067164,0.495416900,0.346716276,0.000517872,0.026457787,1.477931474,-0.008718334,0.009952441,0.673462292,0.739103160,0.092698602,-0.995690013,0.002968671,0.239067164,0.995342221,0.092744970,0.026292612,0.495416900,-0.026454848,0.000517621,0.999650133,0.346716276,0.000000000,0.000000000,0.000000000,1.000000000,0.983503729,0.179841917,0.019424218,0.255061197,0.138735258,-0.681048771,-0.718975034,-0.397849789,-0.116073009,0.709809451,-0.694764420,1.899622535,0.000000000,0.000000000,0.000000000,1.000000000
2026-08-09T15:06:45.089,1786252005089589846,1786252005,642273000,1786252005642273000,0.239361366,0.497136334,0.347150150,0.001387699,0.025750988,1.478383362,-0.008161139,0.009982298,0.673628168,0.738957942,0.092250512,-0.995728964,0.003757700,0.239361366,0.995402379,0.092316881,0.025510119,0.497136334,-0.025748291,0.001387169,0.999667753,0.347150150,0.000000000,0.000000000,0.000000000,1.000000000,0.983525230,0.179656927,0.020037714,0.255845310,0.139071709,-0.681173824,-0.718791542,-0.399586290,-0.115486714,0.709736296,-0.694936838,1.901231450,0.000000000,0.000000000,0.000000000,1.000000000
2026-08-09T15:06:45.156,1786252005156633422,1786252005,706268000,1786252005706268000,0.239460466,0.495100420,0.347364776,0.001626971,0.026715490,1.479490289,-0.008403362,0.010414594,0.674031299,0.738581565,0.091146311,-0.995829478,0.004055646,0.239460466,0.995478690,0.091222289,0.026452589,0.495100420,-0.026712461,0.001626320,0.999642093,0.347364776,0.000000000,0.000000000,0.000000000,1.000000000,0.983676944,0.178963850,0.018751292,0.255404420,0.137441052,-0.679982699,-0.720231551,-0.398953540,-0.116144857,0.711052368,-0.693480283,1.898862943,0.000000000,0.000000000,0.000000000,1.000000000
2026-08-09T15:06:45.222,1786252005222923309,1786252005,774271000,1786252005774271000,0.239427108,0.498813211,0.346860708,-0.000651843,0.028381701,1.475320326,-0.009785024,0.010282325,0.672493839,0.739966596,0.095292242,-0.995447440,0.002056267,0.239427108,0.995044272,0.095312487,0.028310711,0.498813211,-0.028378038,-0.000651649,0.999597308,0.346860708,0.000000000,0.000000000,0.000000000,1.000000000,0.983206453,0.181451893,0.019500788,0.256363383,0.139906025,-0.680820294,-0.718964555,-0.401230590,-0.117180947,0.709618868,-0.694773119,1.901539784,0.000000000,0.000000000,0.000000000,1.000000000
2026-08-09T15:06:45.289,1786252005289507773,1786252005,842272000,1786252005842272000,0.240057711,0.496213972,0.346570675,0.003870772,0.028332871,1.478211987,-0.008112319,0.011773231,0.673538329,0.739014006,0.092414643,-0.995699793,0.006473098,0.240057711,0.995317043,0.092560526,0.027849608,0.496213972,-0.028329228,0.003869141,0.999591417,0.346570675,0.000000000,0.000000000,0.000000000,1.000000000,0.983436055,0.180226567,0.019284999,0.255699845,0.138886485,-0.680913090,-0.719074341,-0.400156729,-0.116464892,0.709842059,-0.694665517,1.898386779,0.000000000,0.000000000,0.000000000,1.000000000
2026-08-09T15:06:45.322,1786252005322914224,1786252005,906275000,1786252005906275000,0.240060013,0.498233209,0.345924039,0.003147599,0.027474963,1.478949024,-0.008094734,0.011209715,0.673819367,0.738766728,0.091683228,-0.995772397,0.005653801,0.240060013,0.995408721,0.091803778,0.027066816,0.498233209,-0.027471654,0.003146337,0.999617889,0.345924039,0.000000000,0.000000000,0.000000000,1.000000000,0.983622571,0.179071655,0.020493400,0.256086558,0.139061969,-0.681643923,-0.718347640,-0.400773083,-0.114666499,0.709432805,-0.695382405,1.900462769,0.000000000,0.000000000,0.000000000,1.000000000
2026-08-09T15:06:45.389,1786252005389522775,1786252005,974272000,1786252005974272000,0.239055450,0.496656623,0.347053212,0.000101776,0.025205893,1.476131571,-0.008442130,0.009357290,0.672804384,0.739713075,0.094493028,-0.995522649,0.002483464,0.239055450,0.995205951,0.094525892,0.025080687,0.496656623,-0.025203373,0.000101674,0.999682596,0.347053212,0.000000000,0.000000000,0.000000000,1.000000000,0.983190797,0.181650534,0.018410308,0.255827023,0.139397149,-0.681699993,-0.718229458,-0.400179428,-0.117916458,0.708722938,-0.695562726,1.899794129,0.000000000,0.000000000,0.000000000,1.000000000
2026-08-09T15:06:45.922,1786252005922866900,1786252006,506276000,1786252006506276000,0.239799865,0.498871553,0.345391222,0.002837033,0.027752535,1.479205478,-0.008304410,0.011206544,0.673914387,0.738677771,0.091427248,-0.995797542,0.005362976,0.239799865,0.995424569,0.091540778,0.027372997,0.498871553,-0.027749120,0.002835868,0.999611154,0.345391222,0.000000000,0.000000000,0.000000000,1.000000000,0.983641998,0.178947639,0.020643689,0.255955889,0.139053525,-0.681461560,-0.718522275,-0.400648285,-0.114509984,0.709639264,-0.695197510,1.900793808,0.000000000,0.000000000,0.000000000,1.000000000
