timestamp_iso,wall_time_ns,ros_sec,ros_nanosec,common_time_ns,x_floor_m,y_floor_m,z_floor_m,roll_floor_rad,pitch_floor_rad,yaw_floor_rad,qx_floor,qy_floor,qz_floor,qw_floor,T00,T01,T02,T03,T10,T11,T12,T13,T20,T21,T22,T23,T30,T31,T32,T33,C_T1_T00,C_T1_T01,C_T1_T02,C_T1_T03,C_T1_T10,C_T1_T11,C_T1_T12,C_T1_T13,C_T1_T20,C_T1_T21,C_T1_T22,C_T1_T23,C_T1_T30,C_T1_T31,C_T1_T32,C_T1_T33,delta_time_sec,vx_body_mps,vy_body_mps,vz_floor_mps,vyaw_body_radps,omega_x_body_radps,omega_y_body_radps,omega_z_body_radps,stationary_candidate
2026-09-17T20:13:24.408,1789640004408853408,1789640004,594850000,1789640004594850000,-0.117770867,1.072009325,0.329397532,-0.009751331,0.014277971,-2.034497843,-0.003509659,-0.007900382,0.850614892,-0.525718148,-0.447216635,0.894422741,0.002336237,-0.117770867,-0.894312154,-0.447115841,-0.017130502,1.072009325,-0.014277712,-0.009750232,0.999850551,0.329397532,0.000000000,0.000000000,0.000000000,1.000000000,-0.952379432,-0.299184473,0.058839347,-0.440998787,-0.243460301,0.629957840,-0.737482340,-0.453543641,0.183576957,-0.716688057,-0.672798432,2.088356147,0.000000000,0.000000000,0.000000000,1.000000000,,,,,,,,,0
2026-09-17T20:13:24.442,1789640004442667601,1789640004,658854000,1789640004658854000,-0.119155145,1.070695306,0.330177344,-0.011469477,0.012205697,-2.033536403,-0.002172748,-0.008087513,0.850363928,-0.526128369,-0.446368850,0.894836231,0.004815112,-0.119155145,-0.894766268,-0.446246879,-0.016040901,1.070695306,-0.012205619,-0.011468420,0.999859760,0.330177344,0.000000000,0.000000000,0.000000000,1.000000000,-0.952070784,-0.300087575,0.059234022,-0.440804298,-0.244180171,0.629013465,-0.738050205,-0.453425242,0.184220699,-0.717139811,-0.672140778,2.087671631,0.000000000,0.000000000,0.000000000,1.000000000,0.064004000,0.028035706,-0.010161740,0.012183801,0.015021561,-0.027043249,-0.032534805,0.014675874,1
2026-09-17T20:13:24.508,1789640004508759274,1789640004,726859000,1789640004726859000,-0.116874398,1.072984593,0.329316712,-0.010022305,0.015221818,-2.036346249,-0.003847509,-0.008260147,0.851095118,-0.524932440,-0.448862672,0.893598351,0.002123070,-0.116874398,-0.893471550,-0.448755221,-0.018099659,1.072984593,-0.015221456,-0.010021026,0.999833952,0.329316712,0.000000000,0.000000000,0.000000000,1.000000000,-0.952068578,-0.300070452,0.059356096,-0.441162758,-0.244345514,0.629337371,-0.737719285,-0.453823088,0.184012750,-0.716862746,-0.672493205,2.089472347,0.000000000,0.000000000,0.000000000,1.000000000,0.068005000,-0.045094598,0.014983389,-0.012655422,-0.041318227,0.021846957,0.044792825,-0.040835389,1
2026-09-17T20:13:24.575,1789640004575562324,1789640004,794853000,1789640004794853000,-0.117375318,1.073019567,0.329405666,-0.009503630,0.015475471,-2.035204374,-0.004086961,-0.008108327,0.850796245,-0.525417264,-0.447840403,0.894112262,0.001566392,-0.117375318,-0.893980032,-0.447741722,-0.018091742,1.073019567,-0.015475079,-0.009502398,0.999835122,0.329405666,0.000000000,0.000000000,0.000000000,1.000000000,-0.952335147,-0.299362798,0.058648806,-0.441267434,-0.243382734,0.629725289,-0.737706517,-0.453774734,0.183909251,-0.716817951,-0.672569262,2.089530826,0.000000000,0.000000000,0.000000000,1.000000000,0.067994000,0.002847578,-0.006813981,0.001308262,0.016793761,0.007370494,0.003566407,0.016827403,1
2026-09-17T20:13:24.642,1789640004642041110,1789640004,858862000,1789640004858862000,-0.118688828,1.073158123,0.328846084,-0.011781829,0.012743066,-2.033982896,-0.002320936,-0.008361148,0.850477832,-0.525939313,-0.446765318,0.894638179,0.004847329,-0.118688828,-0.894560881,-0.446635676,-0.016663238,1.073158123,-0.012742947,-0.011780649,0.999849427,0.328846084,0.000000000,0.000000000,0.000000000,1.000000000,-0.952121045,-0.299908817,0.059331421,-0.441373823,-0.244148088,0.629100302,-0.737986803,-0.453955428,0.184003334,-0.717138419,-0.672201801,2.090172578,0.000000000,0.000000000,0.000000000,1.000000000,0.064009000,0.007255724,-0.019316821,-0.008742239,0.019082910,-0.035861065,-0.042888482,0.018625634,1
2026-09-17T20:13:24.708,1789640004708722608,1789640004,926861000,1789640004926861000,-0.117685586,1.070878310,0.330649004,-0.009945664,0.015437527,-2.034569675,-0.003952063,-0.008287655,0.850627822,-0.525688124,-0.447273167,0.894395309,0.001990199,-0.117685586,-0.894264620,-0.447166437,-0.018254479,1.070878310,-0.015437140,-0.009944365,0.999831410,0.330649004,0.000000000,0.000000000,0.000000000,1.000000000,-0.952277850,-0.299689364,0.057906662,-0.440661246,-0.243201927,0.630333800,-0.737246311,-0.453196520,0.184444351,-0.716146344,-0.673137947,2.087389885,0.000000000,0.000000000,0.000000000,1.000000000,0.067999000,0.023402504,0.028179191,0.026513919,-0.008629230,0.027124391,0.039716410,-0.008197400,1
2026-09-17T20:13:24.742,1789640004742009750,1789640004,994856000,1789640004994856000,-0.120060003,1.073259286,0.327692986,0.010220888,0.019916895,-2.033729997,-0.011157167,-0.000892325,0.850436579,-0.525958502,-0.446486752,0.894608525,-0.018038049,-0.120060003,-0.894569026,-0.446733532,-0.013254094,1.073259286,-0.019915807,0.010218631,0.999749465,0.327692986,0.000000000,0.000000000,0.000000000,1.000000000,-0.952748998,-0.301406241,0.037730944,-0.443678737,-0.229791570,0.633931111,-0.738462715,-0.451978846,0.198658451,-0.712239865,-0.673237844,2.092227058,0.000000000,0.000000000,0.000000000,1.000000000,0.067995000,-0.015697289,-0.046895833,-0.043474050,0.012349114,0.296369949,0.065880712,0.012338338,0
2026-09-17T20:13:25.308,1789640005308717529,1789640005,526867000,1789640005526867000,-0.123050447,1.105149133,0.288707151,0.169749952,0.133977284,-2.066456917,-0.100600912,0.038500705,0.856850633,-0.504186617,-0.471350997,0.856278767,-0.211222751,-0.123050447,-0.871771872,-0.488626912,-0.035464486,1.105149133,-0.133577100,0.167421911,0.976794377,0.288707151,0.000000000,0.000000000,0.000000000,1.000000000,-0.929456642,-0.339325037,-0.144806318,-0.475682410,-0.152756236,0.711235420,-0.686155748,-0.424427715,0.335821207,-0.615631949,-0.712896500,2.158991398,0.000000000,0.000000000,0.000000000,1.000000000,0.532011000,-0.051122747,-0.031798016,-0.073280130,-0.061515495,0.304239730,0.208221118,-0.080471018,0
2026-09-17T20:13:25.375,1789640005375385484,1789640005,594870000,1789640005594870000,-0.126459355,1.090395020,0.267452107,0.186020701,0.253506335,-2.091633811,-0.155093287,0.016640043,0.860566369,-0.484865658,-0.481703085,0.829356593,-0.283072250,-0.126459355,-0.839679860,-0.529256597,-0.121759030,1.090395020,-0.250800063,0.179038481,0.951338465,0.267452107,0.000000000,0.000000000,0.000000000,1.000000000,-0.912610909,-0.358023034,-0.197384996,-0.484346389,-0.176345173,0.780309423,-0.600016320,-0.377693094,0.368841036,-0.512773547,-0.775254525,2.180262735,0.000000000,0.000000000,0.000000000,1.000000000,0.068003000,0.214694139,0.059094212,-0.312560387,-0.370232107,0.310292054,1.665579421,-0.668803800,0
2026-09-17T20:13:25.441,1789640005441970972,1789640005,662864000,1789640005662864000,-0.143609338,1.067858707,0.273780917,0.197006015,0.336288306,-2.153473783,-0.192603155,0.006387568,0.871595546,-0.450759833,-0.519439538,0.783299972,-0.341502360,-0.143609338,-0.788221208,-0.593549321,-0.162500732,1.067858707,-0.329985901,0.184770236,0.925726572,0.273780917,0.000000000,0.000000000,0.000000000,1.000000000,-0.879449839,-0.408244511,-0.244753755,-0.509240937,-0.222858496,0.807509407,-0.546134277,-0.353868742,0.420597280,-0.425752248,-0.801144775,2.176200488,0.000000000,0.000000000,0.000000000,1.000000000,0.067994000,0.413007134,-0.053853589,0.093078948,-0.909491602,0.425835165,1.029180285,-1.086256654,0
2026-09-17T20:13:25.475,1789640005475382921,1789640005,726870000,1789640005726870000,-0.166592008,1.055993421,0.297353892,0.175734236,0.517640997,-2.195104591,-0.265596420,-0.040693762,0.867364824,-0.418904311,-0.507955749,0.748301970,-0.426644123,-0.166592008,-0.705069595,-0.645726143,-0.293111632,1.055993421,-0.494831915,0.151926273,0.855605282,0.297353892,0.000000000,0.000000000,0.000000000,1.000000000,-0.858965473,-0.416043105,-0.298473536,-0.535929559,-0.286421098,0.873598681,-0.393431441,-0.334752683,0.424430525,-0.252454906,-0.869554627,2.179073221,0.000000000,0.000000000,0.000000000,1.000000000,0.064006000,0.352371697,-0.197814934,0.368293207,-0.650420398,-0.061674479,2.674021823,-1.107491033,0
2026-09-17T20:13:25.542,1789640005542010863,1789640005,794870000,1789640005794870000,-0.186465019,1.051981055,0.334378071,0.163667402,0.747160502,-2.164938309,-0.356920925,-0.103434349,0.833451398,-0.408983564,-0.410680052,0.755571643,-0.510346293,-0.186465019,-0.607900142,-0.644067277,-0.464364619,1.051981055,-0.679558764,0.119534584,0.723817793,0.334378071,0.000000000,0.000000000,0.000000000,1.000000000,-0.870988727,-0.345972279,-0.348829212,-0.540922057,-0.301847403,0.937030481,-0.175675900,-0.325092032,0.387642596,-0.047718537,-0.920573821,2.193391233,0.000000000,0.000000000,0.000000000,1.000000000,0.068000000,0.218705846,-0.202631550,0.544473221,0.443621794,-0.439458710,3.387196523,-0.216540259,0
2026-09-17T20:13:25.608,1789640005608819172,1789640005,862870000,1789640005862870000,-0.195699277,1.041695721,0.368040667,0.071748450,0.982941068,-2.226748052,-0.437099056,-0.179913957,0.797968177,-0.373928029,-0.338244697,0.754045837,-0.563032214,-0.195699277,-0.439484898,-0.655617279,-0.614018502,1.041695721,-0.832132412,0.039756022,0.553151011,0.368040667,0.000000000,0.000000000,0.000000000,1.000000000,-0.875816760,-0.312839758,-0.367527263,-0.543031396,-0.358907005,0.931273507,0.062573295,-0.326838485,0.322692989,0.186710850,-0.927905326,2.208822520,0.000000000,0.000000000,0.000000000,1.000000000,0.068000000,0.201353621,-0.027853910,0.495038176,-0.908966809,-0.651858737,3.372837621,-0.993889169,0
2026-09-17T20:13:25.675,1789640005675457644,1789640005,926870000,1789640005926870000,-0.201562162,1.067688572,0.385681693,0.142446851,1.118525449,-2.185061979,-0.497597588,-0.190013517,0.768005122,-0.355611638,-0.251874179,0.735323728,-0.629172644,-0.201562162,-0.357122572,-0.674870127,-0.645765831,1.067688572,-0.899457430,0.062040381,0.432583300,0.385681693,0.000000000,0.000000000,0.000000000,1.000000000,-0.867112341,-0.248743643,-0.431558557,-0.543624863,-0.352554702,0.918521325,0.178951829,-0.349833830,0.351882607,0.307319338,-0.884156918,2.247611930,0.000000000,0.000000000,0.000000000,1.000000000,0.064000000,-0.265978810,-0.320305381,0.275641031,0.651344891,0.537268452,2.140676566,0.095646874,0
2026-09-17T20:13:25.708,1789640005708734523,1789640005,994874000,1789640005994874000,-0.198739123,1.033204220,0.443706275,0.135017723,1.173630421,-2.207567324,-0.518582655,-0.198567367,0.758662641,-0.340696387,-0.229996165,0.722894509,-0.651555894,-0.198739123,-0.311000035,-0.688993618,-0.654649918,1.033204220,-0.922161344,0.052067310,0.383286365,0.443706275,0.000000000,0.000000000,0.000000000,1.000000000,-0.860230872,-0.237073612,-0.451440970,-0.534055873,-0.367964172,0.901521414,0.227731220,-0.369108664,0.352994639,0.362015529,-0.862751147,2.193967700,0.000000000,0.000000000,0.000000000,1.000000000,0.068004000,0.390468551,0.326191556,0.853252485,-0.330941489,0.192360053,0.783631516,-0.247125935,0
2026-09-17T20:13:26.208,1789640006208835324,1789640006,526881000,1789640006526881000,-0.199325092,0.993372665,0.510060569,0.252162858,1.242358900,-2.031157513,-0.544547608,-0.217454032,0.724131796,-0.363063063,-0.143306363,0.762639236,-0.630749097,-0.199325092,-0.288982853,-0.641797560,-0.710341171,0.993372665,-0.946547938,0.080479623,0.312363622,0.510060569,0.000000000,0.000000000,0.000000000,1.000000000,-0.892197266,-0.158366708,-0.422970477,-0.505209694,-0.307607404,0.898791073,0.312333622,-0.385404852,0.330698842,0.408772054,-0.850613710,2.130768246,0.000000000,0.000000000,0.000000000,1.000000000,0.532007000,0.060852173,0.043632520,0.124724475,0.331593026,-0.090032586,0.148934313,0.090621870,0
2026-09-17T20:13:26.275,1789640006275469119,1789640006,594883000,1789640006594883000,-0.187304044,1.002973186,0.510874596,0.215594981,1.248826557,-2.072610098,-0.544627370,-0.220966111,0.726140054,-0.356757099,-0.152210935,0.758799699,-0.633288714,-0.187304044,-0.277422832,-0.647796350,-0.709504222,1.002973186,-0.948614361,0.067694814,0.309110335,0.510874596,0.000000000,0.000000000,0.000000000,1.000000000,-0.888700292,-0.170591233,-0.425570703,-0.497211170,-0.321149577,0.894070387,0.312251648,-0.395089634,0.327222769,0.414169982,-0.849345916,2.142078633,0.000000000,0.000000000,0.000000000,1.000000000,0.068002000,-0.205018125,0.095648979,0.011970633,-0.609578909,0.039891915,0.047367580,-0.211484666,0
2026-09-17T20:13:26.308,1789640006308724743,1789640006,662881000,1789640006662881000,-0.178621463,1.004047349,0.516548279,0.218872601,1.263222296,-2.089551345,-0.551828391,-0.218456097,0.726173475,-0.347036663,-0.150102097,0.745118273,-0.649821413,-0.178621463,-0.262917060,-0.663684632,-0.700283593,1.004047349,-0.953071236,0.065735467,0.295525051,0.516548279,0.000000000,0.000000000,0.000000000,1.000000000,-0.879722660,-0.169565631,-0.444224648,-0.492023074,-0.333597765,0.885833020,0.322509523,-0.402049385,0.338822330,0.431911285,-0.835854096,2.143111758,0.000000000,0.000000000,0.000000000,1.000000000,0.067998000,-0.075269797,0.104347612,0.083438969,-0.249143313,0.285104975,0.190103629,-0.120951272,0
2026-09-17T20:13:26.375,1789640006375439566,1789640006,726911000,1789640006726911000,-0.176874945,1.022082415,0.510199402,0.229483636,1.262060843,-2.100445836,-0.554438085,-0.211315537,0.729454589,-0.340352987,-0.153516642,0.730866945,-0.665030753,-0.176874945,-0.262221306,-0.679010836,-0.685699677,1.022082415,-0.952718966,0.069119287,0.295888639,0.510199402,0.000000000,0.000000000,0.000000000,1.000000000,-0.869897880,-0.173459097,-0.461724615,-0.497086303,-0.342943043,0.885518996,0.313442463,-0.409845875,0.354496471,0.431008178,-0.829797688,2.162399130,0.000000000,0.000000000,0.000000000,1.000000000,0.064030000,-0.258132799,-0.115961778,-0.099154724,-0.170146666,0.327851463,-0.029157731,-0.046282553,0
2026-09-17T20:13:26.442,1789640006442000790,1789640006,794885000,1789640006794885000,-0.184095757,1.050076220,0.495931322,0.177360419,1.269482957,-2.136716963,-0.551985084,-0.221929976,0.728224797,-0.340217868,-0.159128674,0.740514333,-0.652929047,-0.184095757,-0.250506071,-0.669997433,-0.698820387,1.050076220,-0.954947943,0.052360704,0.292119430,0.495931322,0.000000000,0.000000000,0.000000000,1.000000000,-0.875745703,-0.181590093,-0.447319239,-0.509436682,-0.348016245,0.879630034,0.324246353,-0.419044531,0.334595512,0.439631712,-0.833528525,2.191535667,0.000000000,0.000000000,0.000000000,1.000000000,0.067974000,-0.301733517,-0.299743756,-0.209904964,-0.533602951,-0.257827186,0.074550550,-0.178995748,0
2026-09-17T20:13:26.575,1789640006575438789,1789640006,862887000,1789640006862887000,-0.190998533,1.058482825,0.510530224,0.241915323,1.278309572,-2.079152184,-0.559613023,-0.216481296,0.723400302,-0.341556900,-0.140344428,0.736456319,-0.661766786,-0.190998533,-0.251873197,-0.672949120,-0.695484837,1.058482825,-0.957530227,0.069074260,0.279938563,0.510530224,0.000000000,0.000000000,0.000000000,1.000000000,-0.874809385,-0.164925641,-0.455530540,-0.515688122,-0.338438189,0.880838295,0.331033970,-0.433362073,0.346652755,0.443760555,-0.826382743,2.186798521,0.000000000,0.000000000,0.000000000,1.000000000,0.068002000,-0.049921396,-0.151968544,0.214683421,0.846515970,0.139798487,0.178439111,0.215202269,0
2026-09-17T20:13:26.642,1789640006642051362,1789640006,926887000,1789640006926887000,-0.196098074,1.047541846,0.527168839,0.272510330,1.295611087,-2.053410501,-0.567583564,-0.216794503,0.718368627,-0.338814932,-0.126106805,0.732886114,-0.668561711,-0.196098074,-0.240690013,-0.676408826,-0.696088506,1.047541846,-0.962375287,0.073134992,0.261698426,0.527168839,0.000000000,0.000000000,0.000000000,1.000000000,-0.872097572,-0.152325910,-0.465018970,-0.515419863,-0.337382795,0.875498061,0.345942184,-0.437219103,0.354427249,0.458584739,-0.814911874,2.171939734,0.000000000,0.000000000,0.000000000,1.000000000,0.064000000,0.188118861,0.013605421,0.259978359,0.402213797,0.091907648,0.290074851,0.040165060,0
2026-09-17T20:13:26.708,1789640006708849343,1789640006,994888000,1789640006994888000,-0.194918641,1.037716965,0.529558708,0.283790718,1.305539761,-2.025102207,-0.569509916,-0.223210738,0.712530180,-0.343709419,-0.115044703,0.744048209,-0.658146424,-0.194918641,-0.235565182,-0.664081253,-0.709580816,1.037716965,-0.965025680,0.073403230,0.251671188,0.529558708,0.000000000,0.000000000,0.000000000,1.000000000,-0.879946759,-0.141890337,-0.453388171,-0.508219390,-0.326537760,0.873823932,0.360284370,-0.431994088,0.345060564,0.465079421,-0.815251090,2.165219209,0.000000000,0.000000000,0.000000000,1.000000000,0.068001000,0.119929985,0.082416658,0.035144616,0.416292319,-0.235304064,0.170896180,0.066766980,0
2026-09-17T20:13:27.275,1789640007275376042,1789640007,526897000,1789640007526897000,-0.227547245,1.016652773,0.525010078,0.324949361,1.321068210,-1.961478713,-0.574154632,-0.230744480,0.702719678,-0.351124619,-0.094116037,0.758450462,-0.644899057,-0.227547245,-0.228518307,-0.646936614,-0.727497225,1.016652773,-0.968980060,0.078902444,0.234207237,0.525010078,0.000000000,0.000000000,0.000000000,1.000000000,-0.891653479,-0.123711993,-0.435487562,-0.530923374,-0.307890324,0.870932511,0.382988394,-0.408796599,0.331900018,0.475575340,-0.814659729,2.150169097,0.000000000,0.000000000,0.000000000,1.000000000,0.532009000,0.062491909,-0.037734637,-0.008549912,0.119591011,-0.038288133,0.036959223,0.020307673,1
2026-09-17T20:13:27.308,1789640007308777797,1789640007,594894000,1789640007594894000,-0.223546393,1.008437729,0.520055674,0.296107794,1.324312390,-1.974688505,-0.571585685,-0.237910435,0.700959211,-0.354040415,-0.095890494,0.768308254,-0.632856352,-0.223546393,-0.224363352,-0.636107657,-0.738260086,1.008437729,-0.969776727,0.071198011,0.233377204,0.520055674,0.000000000,0.000000000,0.000000000,1.000000000,-0.898448087,-0.126805815,-0.420370456,-0.524764357,-0.304342495,0.869940954,0.388044303,-0.399964670,0.316491202,0.476574255,-0.820189184,2.149469774,0.000000000,0.000000000,0.000000000,1.000000000,0.067997000,0.089304429,0.100413756,-0.072862097,-0.194270218,-0.235837058,0.030850860,-0.060003524,0
2026-09-17T20:13:27.375,1789640007375407690,1789640007,662896000,1789640007662896000,-0.220723948,0.991474220,0.529427619,0.278620868,1.317884456,-1.995458190,-0.569008511,-0.236520728,0.703992706,-0.353102718,-0.103095688,0.766328169,-0.634123129,-0.220723948,-0.227998831,-0.638752471,-0.734854836,0.991474220,-0.968188315,0.068819332,0.240574861,0.529427619,0.000000000,0.000000000,0.000000000,1.000000000,-0.897026893,-0.133729739,-0.421258959,-0.519935372,-0.308432057,0.872079674,0.379929873,-0.395709693,0.316563453,0.470737081,-0.823525459,2.128968090,0.000000000,0.000000000,0.000000000,1.000000000,0.068002000,0.213072778,0.136202035,0.137818667,-0.305427561,0.038804218,-0.112035913,-0.045589028,0
2026-09-17T20:13:27.442,1789640007442190618,1789640007,726897000,1789640007726897000,-0.221805160,0.990522406,0.526270565,0.271784637,1.313390970,-2.001106544,-0.567088413,-0.236213577,0.705195650,-0.353995725,-0.106195635,0.767180533,-0.632579041,-0.221805160,-0.231364496,-0.637779985,-0.734647517,0.990522406,-0.967054165,0.068340337,0.245228095,0.526270565,0.000000000,0.000000000,0.000000000,1.000000000,-0.896973231,-0.135135763,-0.420924397,-0.520676970,-0.308189541,0.873772440,0.376219257,-0.392511309,0.316951461,0.467183099,-0.825397918,2.130201254,0.000000000,0.000000000,0.000000000,1.000000000,0.064001000,0.020511323,-0.009265750,-0.049328198,-0.088254152,-0.021417399,-0.073620504,-0.002358194,1
2026-09-17T20:13:27.508,1789640007508762387,1789640007,794903000,1789640007794903000,-0.224420450,1.000879766,0.515446048,0.235339296,1.304639237,-2.036315824,-0.562070553,-0.237042009,0.709116017,-0.353613142,-0.118069000,0.767974230,-0.629503792,-0.224420450,-0.235036789,-0.637537304,-0.733691832,1.000879766,-0.964789210,0.061330659,0.255775893,0.515446048,0.000000000,0.000000000,0.000000000,1.000000000,-0.897655572,-0.145137324,-0.416112522,-0.528932785,-0.312113202,0.875974167,0.367769774,-0.390950966,0.311126699,0.460004799,-0.831622367,2.141612116,0.000000000,0.000000000,0.000000000,1.000000000,0.068006000,-0.122374058,-0.098483546,-0.159170029,-0.517737847,-0.035806096,-0.158167586,-0.097423538,0
2026-09-17T20:13:27.575,1789640007575317471,1789640007,862897000,1789640007862897000,-0.236452942,1.025221747,0.500974702,0.233353013,1.293806350,-2.017972869,-0.556092768,-0.240282987,0.708088564,-0.362816076,-0.118250779,0.781051164,-0.613168459,-0.236452942,-0.246572537,-0.621256799,-0.743802248,1.025221747,-0.961883329,0.063235676,0.266050168,0.500974702,0.000000000,0.000000000,0.000000000,1.000000000,-0.906033118,-0.142937801,-0.398337513,-0.543249041,-0.298662515,0.882820446,0.362531050,-0.394299172,0.299841110,0.447433621,-0.842554724,2.164681086,0.000000000,0.000000000,0.000000000,1.000000000,0.067994000,-0.240469510,-0.318835443,-0.212832691,0.269773142,-0.289099502,-0.138158495,0.107383132,0
2026-09-17T20:13:27.775,1789640007775398188,1789640007,926905000,1789640007926905000,-0.246337051,1.017287378,0.516837717,0.279944905,1.301284132,-1.980188949,-0.562359825,-0.236227598,0.705116634,-0.361605423,-0.105986009,0.775637893,-0.622215838,-0.246337051,-0.244258150,-0.626875716,-0.739840930,1.017287378,-0.963901304,0.073568865,0.255896236,0.516837717,0.000000000,0.000000000,0.000000000,1.000000000,-0.902714170,-0.131772780,-0.409564478,-0.548983461,-0.296522062,0.880300212,0.370332559,-0.399258218,0.311739945,0.455749352,-0.833733012,2.148490082,0.000000000,0.000000000,0.000000000,1.000000000,0.064008000,0.178544805,-0.085633505,0.247828631,0.590299963,0.159497273,0.153414992,0.124425030,0
2026-09-17T20:13:27.842,1789640007842844021,1789640007,994906000,1789640007994906000,-0.248036072,1.019537050,0.517230530,0.257726149,1.295033955,-1.997021638,-0.558398090,-0.237797638,0.706921274,-0.363188889,-0.112570929,0.779063471,-0.616755721,-0.248036072,-0.247920384,-0.623091865,-0.741816568,1.019537050,-0.962218307,0.069399700,0.263288046,0.517230530,0.000000000,0.000000000,0.000000000,1.000000000,-0.904169097,-0.133938300,-0.405633795,-0.552227306,-0.295008909,0.882546847,0.366170462,-0.399713024,0.308946577,0.450745599,-0.837484578,2.149544545,0.000000000,0.000000000,0.000000000,1.000000000,0.068001000,-0.020403615,-0.036089256,0.005776577,-0.247535904,-0.088346653,-0.106312556,-0.039847756,0
2026-09-17T20:13:28.208,1789640008208795483,1789640008,530905000,1789640008530905000,-0.245723848,1.028727879,0.525772733,0.295528555,1.312639728,-1.978451252,-0.568406284,-0.234091374,0.704136895,-0.355396620,-0.101215195,0.766613839,-0.634080777,-0.245723848,-0.234377702,-0.637788581,-0.733684286,1.028727879,-0.966862647,0.074354759,0.244231393,0.525772733,0.000000000,0.000000000,0.000000000,1.000000000,-0.897043363,-0.129633662,-0.422502449,-0.551698049,-0.303284812,0.875938903,0.375165778,-0.413262740,0.321452218,0.464678547,-0.825071100,2.154155762,0.000000000,0.000000000,0.000000000,1.000000000,0.535999000,-0.017396506,-0.003161332,0.015936976,0.034646307,0.037105568,0.034093286,-0.000178252,1
2026-09-17T20:13:28.375,1789640008375469487,1789640008,594910000,1789640008594910000,-0.243176724,1.019254711,0.524193930,0.306736073,1.319186573,-1.957737421,-0.569928361,-0.237718894,0.700331216,-0.358060859,-0.093948284,0.772487949,-0.628041249,-0.243176724,-0.230556886,-0.630563933,-0.741102197,1.019254711,-0.968513316,0.075174316,0.237343126,0.524193930,0.000000000,0.000000000,0.000000000,1.000000000,-0.901292256,-0.122488121,-0.415534510,-0.545393332,-0.296378291,0.873931416,0.385232123,-0.406209203,0.315962304,0.470362137,-0.823970438,2.149170721,0.000000000,0.000000000,0.000000000,1.000000000,0.064005000,0.120100687,0.095212931,-0.024666870,0.323628326,-0.138070581,0.121880471,0.047587641,0
2026-09-17T20:13:28.443,1789640008443444602,1789640008,662941000,1789640008662941000,-0.235597895,1.014091237,0.518508831,0.302527782,1.318555365,-1.957855904,-0.568999471,-0.238996493,0.699988421,-0.359355658,-0.094206340,0.775067430,-0.624816265,-0.235597895,-0.231111815,-0.627488010,-0.743536109,1.014091237,-0.968355976,0.074356967,0.238240899,0.518508831,0.000000000,0.000000000,0.000000000,1.000000000,-0.902430090,-0.122143235,-0.413159731,-0.535746847,-0.295133831,0.873886887,0.386287108,-0.400030109,0.313872514,0.470534524,-0.824670423,2.150531533,0.000000000,0.000000000,0.000000000,1.000000000,0.068031000,0.028248872,0.131807323,-0.083566301,-0.001741603,-0.060171802,-0.008981266,0.002368797,0
2026-09-17T20:13:28.509,1789640008509535307,1789640008,730912000,1789640008730912000,-0.230565365,1.007269515,0.525361084,0.232648877,1.311782403,-2.017636471,-0.561594950,-0.244943909,0.703804761,-0.359544783,-0.110677440,0.781217260,-0.614369450,-0.230565365,-0.230980105,-0.621459695,-0.748622641,1.007269515,-0.966643418,0.059051853,0.249227518,0.525361084,0.000000000,0.000000000,0.000000000,1.000000000,-0.905903064,-0.135789416,-0.401124510,-0.532849332,-0.299743209,0.874711165,0.380833805,-0.400166735,0.299154887,0.465232859,-0.833105480,2.142926746,0.000000000,0.000000000,0.000000000,1.000000000,0.067971000,0.064990313,0.106445607,0.100811420,-0.879501067,-0.177122738,-0.154849252,-0.188106139,0
2026-09-17T20:13:28.542,1789640008542042790,1789640008,794913000,1789640008794913000,-0.231118400,1.012421317,0.517339438,0.236823862,1.308373275,-2.016977308,-0.561193782,-0.242840100,0.704983623,-0.359288625,-0.111946565,0.779145976,-0.616765141,-0.231118400,-0.234024456,-0.623880375,-0.745657863,1.012421317,-0.965764631,0.060864660,0.252180783,0.517339438,0.000000000,0.000000000,0.000000000,1.000000000,-0.904184182,-0.136966994,-0.404587453,-0.534230039,-0.302118791,0.874654369,0.379083066,-0.399601722,0.301952316,0.464994384,-0.832228948,2.148155670,0.000000000,0.000000000,0.000000000,1.000000000,0.064001000,-0.068858399,-0.042576260,-0.125336260,0.010299261,0.055281856,-0.051188520,0.014971232,0
2026-09-17T20:13:28.608,1789640008608777461,1789640008,862915000,1789640008862915000,-0.236749153,1.011239783,0.515988870,0.274056194,1.313328894,-1.998535479,-0.567167927,-0.236126461,0.705022625,-0.354270991,-0.105625333,0.767384918,-0.632426600,-0.236749153,-0.231691389,-0.637472357,-0.734811478,1.011239783,-0.967038361,0.068913455,0.245130014,0.515988870,0.000000000,0.000000000,0.000000000,1.000000000,-0.897125904,-0.134928053,-0.420665583,-0.539401833,-0.307832429,0.873911904,0.376187691,-0.397257740,0.316866388,0.466982231,-0.825544238,2.149194901,0.000000000,0.000000000,0.000000000,1.000000000,0.068002000,0.051405345,-0.067198788,-0.019860710,0.271195391,0.285431451,0.088120595,0.049030344,0
2026-09-17T20:13:28.675,1789640008675399438,1789640008,930912000,1789640008930912000,-0.248687864,1.036272844,0.504458712,0.206392624,1.302698381,-2.034041366,-0.555991545,-0.247458118,0.705655536,-0.362888614,-0.118370632,0.787318033,-0.605077213,-0.248687864,-0.236979445,-0.614152302,-0.752766572,1.036272844,-0.964276899,0.054285781,0.259276089,0.504458712,0.000000000,0.000000000,0.000000000,1.000000000,-0.909415493,-0.141768906,-0.390979588,-0.556975935,-0.298309860,0.877409153,0.375718521,-0.403089830,0.289783865,0.458317310,-0.840220540,2.170462716,0.000000000,0.000000000,0.000000000,1.000000000,0.067997000,-0.262149465,-0.312472396,-0.169568628,-0.522168434,-0.490834763,-0.184104660,-0.094556243,0
2026-09-17T20:13:28.742,1789640008742094639,1789640008,994915000,1789640008994915000,-0.258385329,1.029620576,0.519424113,0.267900242,1.303081251,-1.984607535,-0.561255146,-0.239679749,0.704086164,-0.363055027,-0.106367535,0.780287100,-0.616309753,-0.258385329,-0.242201031,-0.621488966,-0.745043582,1.029620576,-0.964378250,0.070022773,0.255092894,0.519424113,0.000000000,0.000000000,0.000000000,1.000000000,-0.905436231,-0.129540464,-0.404233225,-0.563449603,-0.293100568,0.879629099,0.374626088,-0.407605765,0.307046070,0.457681020,-0.834416439,2.153232168,0.000000000,0.000000000,0.000000000,1.000000000,0.064003000,0.160687977,-0.089102579,0.233823430,0.772367405,0.216182872,0.053841577,0.197311421,0
2026-09-17T20:13:29.208,1789640009208767536,1789640009,530926000,1789640009530926000,-0.269971440,1.041312219,0.513145394,0.254042385,1.290952378,-1.998975325,-0.556686472,-0.237549635,0.707751739,-0.364359465,-0.114684828,0.780233498,-0.614884384,-0.269971440,-0.251270727,-0.621624339,-0.741920488,1.041312219,-0.961098961,0.069415788,0.267341019,0.513145394,0.000000000,0.000000000,0.000000000,1.000000000,-0.905268491,-0.136779219,-0.402219348,-0.578585487,-0.295108409,0.883515530,0.363746251,-0.409322861,0.305614112,0.447986332,-0.840183468,2.161443948,0.000000000,0.000000000,0.000000000,1.000000000,0.536011000,-0.011279645,-0.028561756,-0.011713788,-0.026805028,-0.000046474,-0.023731237,-0.001163606,1
2026-09-17T20:13:29.275,1789640009275394505,1789640009,594924000,1789640009594924000,-0.272593157,1.027198557,0.521762679,0.280235539,1.303225978,-1.977271474,-0.562660876,-0.237434394,0.704195428,-0.362141473,-0.104532703,0.777226901,-0.620476415,-0.272593157,-0.242846624,-0.624956560,-0.741926295,1.027198557,-0.964416525,0.073125405,0.254075632,0.521762679,0.000000000,0.000000000,0.000000000,1.000000000,-0.903794742,-0.127599163,-0.408501553,-0.577475768,-0.293336195,0.879730262,0.374203878,-0.404940620,0.311623076,0.458031788,-0.832525038,2.148622334,0.000000000,0.000000000,0.000000000,1.000000000,0.063998000,0.217633426,0.054301155,0.134649286,0.339133270,0.082763270,0.209165885,0.037793975,0
2026-09-17T20:13:29.375,1789640009375398119,1789640009,662924000,1789640009662924000,-0.268793264,1.012127844,0.523401844,0.263964746,1.312726095,-1.985563986,-0.563621776,-0.243193006,0.701626768,-0.361811462,-0.102846036,0.781851035,-0.614923876,-0.268793264,-0.233575436,-0.619898889,-0.749111276,1.012127844,-0.966884693,0.066588354,0.246375646,0.523401844,0.000000000,0.000000000,0.000000000,1.000000000,-0.906748025,-0.128479154,-0.401623115,-0.569342669,-0.294306721,0.874921879,0.384571528,-0.397545278,0.301979426,0.466909855,-0.831145964,2.138577680,0.000000000,0.000000000,0.000000000,1.000000000,0.068000000,0.181476093,0.138953655,0.024105368,-0.121948706,-0.121512912,0.126051852,-0.068064244,0
2026-09-17T20:13:29.442,1789640009442521622,1789640009,730929000,1789640009730929000,-0.260677957,1.009689266,0.518693731,0.276687251,1.311640212,-1.973632045,-0.564147335,-0.241823798,0.701250917,-0.362637817,-0.100463312,0.781448779,-0.615828425,-0.260677957,-0.235751674,-0.620029762,-0.748320828,1.009689266,-0.966606990,0.070004157,0.246518408,0.518693731,0.000000000,0.000000000,0.000000000,1.000000000,-0.906451061,-0.125892751,-0.403109774,-0.560045740,-0.291403547,0.877336208,0.381267822,-0.392901257,0.305663945,0.463068239,-0.831947930,2.142307526,0.000000000,0.000000000,0.000000000,1.000000000,0.068005000,-0.015270548,0.123665929,-0.069231865,0.175456819,0.017459630,-0.003404912,0.047505584,0
2026-09-17T20:13:29.508,1789640009508789143,1789640009,794927000,1789640009794927000,-0.257360501,1.007584555,0.518951128,0.216368381,1.308309871,-2.024118684,-0.558358931,-0.248030426,0.703776764,-0.362511350,-0.113641771,0.787234209,-0.606092050,-0.257360501,-0.233274091,-0.614132492,-0.753939191,1.007584555,-0.965748180,0.055706960,0.253432751,0.518951128,0.000000000,0.000000000,0.000000000,1.000000000,-0.909791476,-0.140629828,-0.390515968,-0.558011453,-0.298453833,0.875499481,0.380034168,-0.393718733,0.288452388,0.462302834,-0.838493476,2.138111474,0.000000000,0.000000000,0.000000000,1.000000000,0.063998000,0.009933083,0.060580184,0.004021954,-0.788878387,-0.180299914,-0.100089821,-0.184566920,0
2026-09-17T20:13:29.542,1789640009542021942,1789640009,862927000,1789640009862927000,-0.257455860,1.009681481,0.516100692,0.228136316,1.306329608,-2.021655429,-0.559556206,-0.244102419,0.705240318,-0.360481560,-0.113899913,0.781630381,-0.613254011,-0.257455860,-0.235274184,-0.620933743,-0.747721314,1.009681481,-0.965232443,0.059117815,0.254622053,0.516100692,0.000000000,0.000000000,0.000000000,1.000000000,-0.906175900,-0.141671986,-0.398464913,-0.559168344,-0.301839427,0.876612114,0.374758805,-0.392647072,0.296206345,0.459869818,-0.837126963,2.143540994,0.000000000,0.000000000,0.000000000,1.000000000,0.068000000,-0.027108343,-0.014765972,-0.041918176,0.036224338,0.138083549,-0.026325743,0.015621395,0
2026-09-17T20:13:29.675,1789640009675492832,1789640009,930926000,1789640009930926000,-0.262727737,1.025653520,0.504303735,0.202142636,1.296079665,-2.052124028,-0.555309769,-0.242395747,0.709956602,-0.358938693,-0.125588275,0.778871317,-0.614480909,-0.262727737,-0.240452306,-0.624814272,-0.742825436,1.025653520,-0.962502506,0.054463561,0.265751050,0.504303735,0.000000000,0.000000000,0.000000000,1.000000000,-0.903767065,-0.150024314,-0.400871297,-0.570668081,-0.307849800,0.878527385,0.365264471,-0.394363946,0.297377860,0.453522148,-0.840169072,2.159217577,0.000000000,0.000000000,0.000000000,1.000000000,0.067999000,-0.177632617,-0.172130680,-0.173487213,-0.448074222,0.049631370,-0.172721239,-0.084408162,0
2026-09-17T20:13:29.742,1789640009742025223,1789640009,994929000,1789640009994929000,-0.276002415,1.063269065,0.488195836,0.026201202,1.158581805,-2.167429562,-0.488855580,-0.246514324,0.742820577,-0.385316105,-0.225103606,0.813461326,-0.536291732,-0.276002415,-0.331421637,-0.581524019,-0.742959821,1.063269065,-0.916236250,0.010496148,0.400502084,0.488195836,0.000000000,0.000000000,0.000000000,1.000000000,-0.920788937,-0.222693726,-0.320242466,-0.602738314,-0.310491163,0.915403149,0.256188041,-0.405682486,0.236099493,0.335327570,-0.912037527,2.163640786,0.000000000,0.000000000,0.000000000,1.000000000,0.064003000,-0.424919272,-0.455928337,-0.251674125,-1.801564520,-1.046613567,-2.200447388,-0.358624164,0
2026-09-17T20:13:30.375,1789640010375453541,1789640010,530933000,1789640010530933000,-0.302513315,1.080265666,0.317505175,0.006365037,0.034104010,-2.140727430,-0.016486968,-0.005389350,0.877269115,-0.479685350,-0.539260712,0.841803933,-0.023756407,-0.302513315,-0.841448773,-0.539745639,-0.025272898,1.080265666,-0.034097628,0.006361255,0.999398294,0.317505175,0.000000000,0.000000000,0.000000000,1.000000000,-0.914732935,-0.402399807,0.036579412,-0.646311069,-0.302897203,0.622983890,-0.721210342,-0.424723740,0.267426518,-0.670794654,-0.691749658,2.081753387,0.000000000,0.000000000,0.000000000,1.000000000,0.536004000,0.001558380,-0.058731620,-0.318450349,0.049817039,-0.062530281,-2.096861947,0.077626758,0
2026-09-17T20:13:30.408,1789640010408712154,1789640010,594941000,1789640010594941000,-0.293840240,1.065217602,0.328714575,0.005400707,0.046885943,-2.141842824,-0.021866554,-0.008866225,0.877428512,-0.479126758,-0.539919228,0.841186645,-0.029876359,-0.293840240,-0.840411403,-0.540717678,-0.036512623,1.065217602,-0.046868999,0.005394707,0.998886514,0.328714575,0.000000000,0.000000000,0.000000000,1.000000000,-0.914677559,-0.402607622,0.035666025,-0.634573993,-0.303286492,0.625336426,-0.719007411,-0.420206771,0.267174600,-0.668476968,-0.694086649,2.069155834,0.000000000,0.000000000,0.000000000,1.000000000,0.064008000,0.124824601,0.240934531,0.175124984,-0.017425853,-0.014360095,0.199586842,-0.018586145,0
2026-09-17T20:13:30.475,1789640010475395930,1789640010,662938000,1789640010662938000,-0.289671803,1.067797904,0.321743932,0.007888658,0.043622814,-2.145464549,-0.021043704,-0.006954667,0.878334362,-0.477532767,-0.543039659,0.839159522,-0.030324430,-0.289671803,-0.838574366,-0.543827977,-0.032315127,1.067797904,-0.043609211,0.007881033,0.999017616,0.321743932,0.000000000,0.000000000,0.000000000,1.000000000,-0.913535289,-0.405258728,0.034909009,-0.632435415,-0.305268152,0.626349292,-0.717285103,-0.420048654,0.268820815,-0.665921863,-0.695904765,2.070628936,0.000000000,0.000000000,0.000000000,1.000000000,0.067997000,-0.065061605,0.031065620,-0.102513979,-0.053263012,0.038998619,-0.048341762,-0.052888474,0
2026-09-17T20:13:30.542,1789640010542008853,1789640010,730938000,1789640010730938000,-0.290436707,1.070493698,0.325775396,-0.000980529,0.051856352,-2.146553818,-0.022548426,-0.012803445,0.878467575,-0.477097852,-0.543738838,0.838807323,-0.027398904,-0.290436707,-0.837652781,-0.544427220,-0.044010400,1.070493698,-0.051833347,-0.000979248,0.998655306,0.325775396,0.000000000,0.000000000,0.000000000,1.000000000,-0.912752679,-0.406687996,0.038567098,-0.633507774,-0.310674011,0.629745385,-0.711970792,-0.421194792,0.265262523,-0.661835043,-0.701149178,2.075970060,0.000000000,0.000000000,0.000000000,1.000000000,0.068000000,-0.027161874,-0.030990521,0.059286235,-0.016018662,-0.129664035,0.121025832,-0.016418637,0
2026-09-17T20:13:30.608,1789640010608733018,1789640010,794944000,1789640010794944000,-0.288919304,1.073231022,0.321144309,0.003657119,0.046329314,-2.148571882,-0.021236493,-0.009426386,0.879033039,-0.476194363,-0.545576303,0.837581465,-0.028357349,-0.288919304,-0.836780980,-0.546299942,-0.036797572,1.073231022,-0.046312973,0.003653150,0.998920335,0.321144309,0.000000000,0.000000000,0.000000000,1.000000000,-0.912474843,-0.407520378,0.036287779,-0.634190379,-0.308719383,0.627609682,-0.714701637,-0.421894436,0.268480920,-0.663350005,-0.698487485,2.076915142,0.000000000,0.000000000,0.000000000,1.000000000,0.064006000,-0.048779705,-0.003400059,-0.072353951,-0.031529294,0.074003491,-0.086393992,-0.031375784,1
2026-09-17T20:13:30.642,1789640010642513681,1789640010,862946000,1789640010862946000,-0.289726220,1.072784477,0.325604750,-0.002619049,0.052003118,-2.145518139,-0.022214993,-0.013569647,0.878207884,-0.477570174,-0.542866867,0.839414626,-0.026057621,-0.289726220,-0.838209076,-0.543484984,-0.045052345,1.072784477,-0.051979915,-0.002615543,0.998644743,0.325604750,0.000000000,0.000000000,0.000000000,1.000000000,-0.912996919,-0.406273509,0.037127656,-0.633565079,-0.309466048,0.630386336,-0.711929654,-0.421924215,0.265833391,-0.661479330,-0.701268639,2.077772309,0.000000000,0.000000000,0.000000000,1.000000000,0.068002000,0.011981536,-0.006353508,0.065592791,0.044906665,-0.094500559,0.083459188,0.044809224,1
2026-09-17T20:13:30.708,1789640010708828822,1789640010,930940000,1789640010930940000,-0.288482871,1.072026400,0.323513925,0.004064692,0.050995174,-2.148397734,-0.023383195,-0.010360372,0.878945831,-0.476235356,-0.545306645,0.837654622,-0.031236946,-0.288482871,-0.836685835,-0.546184894,-0.040484186,1.072026400,-0.050973308,0.004059359,0.998691804,0.323513925,0.000000000,0.000000000,0.000000000,1.000000000,-0.911712134,-0.409487081,0.033186061,-0.632266889,-0.308761373,0.629676440,-0.712863237,-0.422079129,0.271011806,-0.660172637,-0.700517444,2.076848795,0.000000000,0.000000000,0.000000000,1.000000000,0.067994000,-0.000582391,0.021409075,-0.030750140,-0.042350722,0.100478968,-0.014854600,-0.042283932,0
2026-09-17T20:13:30.842,1789640010842059725,1789640010,994950000,1789640010994950000,-0.287015432,1.070754987,0.324266595,0.004937722,0.048662425,-2.148070436,-0.022564404,-0.009424798,0.878896497,-0.476385315,-0.545096180,0.837812042,-0.030683654,-0.287015432,-0.836961630,-0.545936207,-0.038065511,1.070754987,-0.048643454,0.004931819,0.998804068,0.324266595,0.000000000,0.000000000,0.000000000,1.000000000,-0.912336256,-0.408119076,0.032884291,-0.631577201,-0.307403379,0.629705421,-0.713424309,-0.421966595,0.270454653,-0.660991605,-0.699960269,2.075051381,0.000000000,0.000000000,0.000000000,1.000000000,0.064010000,0.004122988,0.030051479,0.011758631,0.005113232,0.013384275,-0.036420153,0.005270875,1
