trial_number,x_initial,y_initial,yaw_initial,x_final,y_final,yaw_final,delta_x_world,delta_y_world,delta_x_body,delta_y_body,delta_theta
1,0.543161012,0.979098888,-1.533694392,0.472628163,0.863466207,-1.761140724,-0.07053284900000001,-0.11563268100000001,0.11293679801880527,-0.07477352042377132,-0.2274463320000002
2,0.3363898320000001,0.8023936770000001,-1.915275297,0.262184019,0.710573934,-2.158473079,-0.07420581300000012,-0.09181974300000006,0.1114852448497539,-0.03883822947003983,-0.2431977820000002
3,0.76923157,1.103320539,-1.6536752890000002,0.693128773,0.995147315,-1.884057988,-0.076102797,-0.10817322400000007,0.1141020224381264,-0.06688655004787361,-0.23038269899999975
4,0.580541634,0.983080589,-1.564279608,0.489568885,0.92907511,-1.73900506,-0.09097274900000002,-0.05400547899999997,0.05341149263474499,-0.09132275333762678,-0.1747254519999999
5,0.801606047,0.971961931,-1.7362399869999998,0.737151977,0.8470764759999999,-1.983200623,-0.06445407000000003,-0.12488545500000003,0.1337951298491073,-0.04300659529400639,-0.2469606360000003
6,0.577364,0.836060615,-1.966273441,0.4823564870000001,0.771929834,-2.172585595,-0.09500751299999988,-0.06413078099999991,0.09578221329790412,-0.06296786651832739,-0.20631215400000014
7,0.451358263,0.6728701340000001,-1.478555259,0.376227075,0.6248788439999999,-1.693122124,-0.07513118799999996,-0.04799129000000013,0.04086691211269403,-0.07923228395375709,-0.2145668650000001
8,0.487956197,0.6269099570000001,-1.894035824,0.418918117,0.496630773,-2.135620795,-0.06903808,-0.13027918400000005,0.14546145994548765,-0.024080821088981956,-0.24158497099999998
9,0.547117886,0.406399083,-2.302352053,0.458195619,0.294874465,-2.570566491,-0.088922267,-0.11152461800000002,0.14239206137422025,0.00833131718670621,-0.2682144380000002
10,0.627491744,0.73586331,-1.756555299,0.542051631,0.665671117,-1.972882721,-0.08544011299999998,-0.07019219300000001,0.08476477980804914,-0.07100626008807226,-0.216327422
11,0.7110735290000001,0.705562296,-1.632704704,0.637835724,0.638514253,-1.847186781,-0.0732378050000001,-0.067048043,0.07145073627276492,-0.0689493178895026,-0.214482077
12,0.7599675340000001,1.014377582,-1.5688555030000002,0.673389059,0.937756526,-1.803415653,-0.08657847500000004,-0.07662105600000002,0.0764528782331488,-0.08672701981359729,-0.23456014999999986
13,0.552040778,1.006259676,-1.631554406,0.481763311,0.92291943,-1.859609504,-0.07027746699999993,-0.083340246,0.08745376350445298,-0.06508731228268534,-0.22805509800000004
14,-0.038576247,1.260533703,-1.602776982,-0.077947004,1.144424054,-1.79599037,-0.039370757,-0.11610964899999998,0.11730916576286353,-0.035637995533941785,-0.19321338799999999
15,0.5691966479999999,0.58180782,-1.53738361,0.487292078,0.516143376,-1.743192343,-0.0819045699999999,-0.06566444399999993,0.06289164817518621,-0.0840524739821655,-0.20580873300000002
16,0.547195057,0.68423038,-1.627721832,0.488291208,0.62650244,-1.776638743,-0.058903849000000064,-0.05772794000000003,0.06098575185987541,-0.05552401780981015,-0.14891691099999993
17,0.35883381,0.661310913,-1.961151825,0.287733671,0.574432597,-2.24266937,-0.07110013899999995,-0.08687831599999996,0.10739761977272481,-0.032692855855192424,-0.28151754500000026
18,0.543350291,0.78599934,-1.497737563,0.485223183,0.7111931909999999,-1.734183044,-0.05812710799999998,-0.07480614900000015,0.07036367795726814,-0.06343243205947369,-0.23644548099999985
19,0.380703308,0.6908485809999999,-1.168487346,0.400616915,0.5576154729999999,-1.42044862,0.019913607,-0.133233108,0.1303927476886747,-0.03384293369800753,-0.2519612739999999
20,0.5226213120000001,0.887186192,-1.587069073,0.459691663,0.8167721840000001,-1.737453759,-0.06292964900000009,-0.07041400799999997,0.0714286783241241,-0.06177553851449679,-0.150384686
21,0.78652087,0.599945897,-1.545830078,0.718794259,0.518478339,-1.75304819,-0.06772661099999999,-0.08146755800000005,0.07975146563350742,-0.06973923266953959,-0.20721811199999984
22,0.707038499,0.7785380909999999,-0.831628448,0.690362095,0.711085358,-1.065751974,-0.016676404000000034,-0.06745273299999999,0.03861510611366054,-0.05776545004906688,-0.23412352600000008
23,0.582151264,0.630346331,-1.758177687,0.549295408,0.521370247,-2.033897732,-0.03285585599999996,-0.10897608400000003,0.11318911367287945,-0.01197992919076598,-0.2757200449999997
24,0.645926816,1.041563902,-1.635318778,0.530114045,0.94741307,-1.753500465,-0.11581277099999998,-0.09415083200000007,0.1014222581951963,-0.10950115358103588,-0.11818168699999987
25,0.390076157,0.6897183020000001,-2.351641726,0.288497857,0.622043365,-2.503553675,-0.10157829999999995,-0.06767493700000005,0.11956972688305911,-0.024517922871944493,-0.15191194900000005
26,0.364523395,0.7749055859999999,-1.257053668,0.33289028,0.714395995,-1.4460483569999998,-0.03163311499999999,-0.060509590999999974,0.04779319002557744,-0.04876346536875273,-0.18899468899999983
27,0.86296459,0.7499599790000001,-1.722277991,0.788942927,0.7006172209999999,-1.926773855,-0.07402166300000002,-0.04934275800000021,0.05994780374774082,-0.06572803957333967,-0.20449586400000008
28,0.7402365209999999,0.810263865,-1.90580209,0.650267994,0.7887184740000001,-2.14146107,-0.08996852699999991,-0.02154539099999997,0.04992701618119662,-0.07788345638924304,-0.23565898000000018
29,0.751660581,0.8177986770000001,-1.672456033,0.673603521,0.75892795,-1.924970341,-0.07805706000000001,-0.05887072700000007,0.06648838013815878,-0.07167958161119407,-0.2525143080000001
30,1.226797651,0.7266021659999999,-1.722880955,1.166630957,0.691431998,-1.915763438,-0.060166694000000076,-0.035170167999999946,0.043879408617130154,-0.05414396811694531,-0.192882483
31,0.872439282,0.837603462,-1.6868921019999998,0.816504285,0.7180735859999999,-1.883010016,-0.05593499699999993,-0.11952987600000009,0.1252044939669084,-0.04171270593543172,-0.19611791400000023
32,0.6467065879999999,1.215292674,-1.595206967,0.591411922,1.12416416,-1.791312463,-0.05529466599999988,-0.091128514,0.09245100869826187,-0.053053907891630815,-0.19610549599999993
33,0.605203766,0.995017551,-1.52835871,0.508032751,0.87722601,-1.675285469,-0.09717101500000003,-0.117791541,0.11356301985825855,-0.10208081998082542,-0.14692675900000007
34,0.489754583,1.123893604,-1.514794491,0.402874575,0.983021126,-1.6959948180000002,-0.08688000800000001,-0.14087247800000002,0.13578873602824393,-0.09462880119600185,-0.18120032700000022
35,0.6224406929999999,1.295406957,-1.604001549,0.559202977,1.207079152,-1.825435447,-0.06323771599999994,-0.08832780500000004,0.09037855149893023,-0.060270451217573406,-0.22143389800000013
36,0.61008495,1.045381966,-1.492081609,0.5351187629999999,0.89207244,-1.660748719,-0.07496618700000002,-0.15330952600000014,0.14693996732293604,-0.08678931938204251,-0.16866711000000012
37,0.441314234,0.8411534979999999,-1.178390488,0.426766419,0.695825315,-1.395013841,-0.01454781500000002,-0.14532818299999994,0.12871877038222945,-0.06901737351306983,-0.2166233529999999
38,0.7611679159999999,1.156277609,-1.871318143,0.6420219979999999,1.04659998,-2.030561104,-0.11914591799999996,-0.10967762899999989,0.140031530629033,-0.0813394277630137,-0.15924296099999968
39,0.7107614959999999,1.191451436,-1.782394746,0.622961854,1.138569931,-2.022430572,-0.0877996419999999,-0.052881504999999995,0.07014199880994575,-0.07473507014339882,-0.24003582600000017
40,0.70673126,1.102190953,-1.471997068,0.667093159,0.960172604,-1.6942388119999998,-0.03963810099999998,-0.142018349,0.13741592436309039,-0.05345329021687456,-0.22224174399999974
41,0.779052882,0.8727683959999999,-1.487548032,0.724556891,0.7728232829999999,-1.746788547,-0.05449599100000002,-0.09994511299999997,0.09506752918342054,-0.06261791710536475,-0.2592405149999999
42,0.808041247,0.8853082309999999,-1.694159187,0.7168231709999999,0.762242828,-1.897560694,-0.09121807600000009,-0.1230654029999999,0.1333545635662071,-0.07538163689361362,-0.20340150700000015
43,0.533438628,0.950105561,-1.531758341,0.466848238,0.85480054,-1.7497624880000002,-0.06659038999999994,-0.09530502099999993,0.09263351501791134,-0.07025922689290649,-0.21800414700000026
44,0.6732163609999999,1.263764132,-1.4138580790000002,0.62270936,1.190331215,-1.61311786,-0.05050700099999994,-0.07343291699999988,0.0646364767686975,-0.06136347708590585,-0.19925978099999986
45,0.90119767,1.118371567,-1.589474865,0.827659602,1.010381356,-1.840994042,-0.07353806799999996,-0.10799021100000017,0.1093448770576647,-0.07150825811220243,-0.25151917700000004
46,0.257738739,0.989557536,-1.778777557,0.152409164,0.8535876990000001,-1.978098436,-0.10532957499999998,-0.13596983699999987,0.15478863688141326,-0.07498395719006262,-0.19932087900000006
47,0.202403611,1.087203902,-1.6197837730000002,0.142404173,0.987538456,-1.858398141,-0.059999438000000016,-0.09966544599999994,0.10248392665266802,-0.055047056820009106,-0.23861436799999966
48,0.553858317,1.2206446000000002,-1.5336722269999998,0.474330496,1.078710432,-1.744524156,-0.079527821,-0.14193416800000014,0.13888465183898713,-0.08474099269198841,-0.21085192900000016
49,0.12194502,0.956464486,-1.273609985,0.166533842,0.81415398,-1.48434901,0.044588821999999986,-0.14231050599999995,0.14912920259596965,0.0009613003765418307,-0.2107390250000001
50,0.392022564,1.18536623,-1.516724281,0.338554,1.0599009,-1.737225327,-0.053468563999999996,-0.12546533000000015,0.12239221179456669,-0.06017127936370447,-0.2205010460000001
51,0.793886555,1.149190473,-1.623938906,0.739886732,1.019969637,-1.855980304,-0.05399982300000006,-0.129220836,0.1319067498087043,-0.04705969289608806,-0.232041398
52,0.189512249,1.191222872,-0.950266164,0.192731791,1.0444874240000002,-1.129567012,0.0032195420000000197,-0.14673544799999982,0.12125165834780233,-0.08270243344883049,-0.17930084800000012
53,0.254232471,1.315911704,-1.23078327,0.181031083,1.217252454,-1.475011752,-0.073201388,-0.09865924999999987,0.06859841955330256,-0.1019134321396257,-0.24422848199999977
54,0.8056111770000001,1.014367291,-1.490004769,0.765642488,0.936907956,-1.6749650390000002,-0.03996868900000006,-0.07745933499999991,0.07398105236870035,-0.046089571157047565,-0.18496027000000015
55,0.7914698029999999,1.196431487,-2.120130788,0.725566203,1.153892146,-2.309400454,-0.06590359999999995,-0.0425393409999999,0.07069019093712933,-0.03399671941447386,-0.18926966599999995
56,0.635577269,1.262058738,-2.000109169,0.5465721,1.187189082,-2.15116415,-0.089005169,-0.07486965599999995,0.10512343836812886,-0.049763924724031766,-0.15105498100000014
57,0.601806892,1.440924525,-1.64732063,0.499653678,1.31827995,-1.795615279,-0.10215321400000005,-0.12264457500000003,0.1300952249978102,-0.09247812357649553,-0.1482946489999999
58,0.622578231,1.073992565,-1.442489906,0.572792306,1.032704275,-1.539648888,-0.04978592500000001,-0.041288290000000005,0.0345785594205111,-0.0546597150343094,-0.09715898200000006
59,0.604874227,1.152617967,-1.754229899,0.5114158089999999,1.040576086,-1.951934576,-0.0934584180000001,-0.11204188100000012,0.12720960811560433,-0.07145330360560875,-0.19770467699999994
60,0.8251708959999999,1.151061863,-1.79256436,0.7637008590000001,1.097021855,-2.000137074,-0.061470036999999866,-0.054040008000000084,0.06623719646530775,-0.0480782873846152,-0.2075727139999999
61,0.599529557,1.097355803,-1.5716477919999998,0.505223475,1.016894607,-1.831090005,-0.09430608200000001,-0.0804611959999999,0.0805414651708499,-0.09423753791390085,-0.25944221300000025
62,0.608898625,1.211875573,-1.249347017,0.5817153070000001,1.127390242,-1.427057399,-0.027183317999999956,-0.084485331,0.0715695161169266,-0.052483409706855624,-0.1777103819999999
63,0.8627429879999999,1.552124119,-1.004239723,0.8258840190000001,1.380305699,-1.15857992,-0.03685896899999985,-0.17181841999999992,0.1251891953005359,-0.1233199838916775,-0.154340197
64,0.497353356,1.087629504,-1.982515945,0.393188509,1.030748709,-2.222214282,-0.104164847,-0.05688079499999987,0.09381279145487639,-0.07269732010060131,-0.2396983369999999
65,0.8281643190000001,1.3260061909999998,-1.25207074,0.802792801,1.222601213,-1.506819205,-0.02537151800000015,-0.10340497799999993,0.09024670929942208,-0.056496326087900665,-0.25474846500000004
