timestamp_iso,wall_time_ns,ros_sec,ros_nanosec,common_time_ns,x_floor_m,y_floor_m,z_floor_m,roll_floor_rad,pitch_floor_rad,yaw_floor_rad,qx_floor,qy_floor,qz_floor,qw_floor,T00,T01,T02,T03,T10,T11,T12,T13,T20,T21,T22,T23,T30,T31,T32,T33,C_T1_T00,C_T1_T01,C_T1_T02,C_T1_T03,C_T1_T10,C_T1_T11,C_T1_T12,C_T1_T13,C_T1_T20,C_T1_T21,C_T1_T22,C_T1_T23,C_T1_T30,C_T1_T31,C_T1_T32,C_T1_T33,delta_time_sec,vx_body_mps,vy_body_mps,vz_floor_mps,vyaw_body_radps,omega_x_body_radps,omega_y_body_radps,omega_z_body_radps,stationary_candidate
2026-09-26T13:29:28.689,1790393368689616117,1790393368,546002000,1790393368546002000,0.577364,0.836060615,0.3467542,0.006481665,0.038775473,-1.966273441,-0.017930588,-0.008051477,0.8321145609999999,-0.554255379,-0.384958594,0.922696583,-0.020915512,0.577364,-0.9221192429999999,-0.38547219200000005,-0.03327573,0.836060615,-0.038765701,0.0064767259999999995,0.999227698,0.3467542,0.0,0.0,0.0,1.0,-0.973400741,-0.22900466,0.006918279,0.064572987,-0.164304279,0.6767056770000001,-0.7176862340000001,-0.380333725,0.159671854,-0.699733015,-0.696332253,1.9887313219999998,0.0,0.0,0.0,1.0,,,,,,,,,0
2026-09-26T13:29:28.755,1790393368755905512,1790393368,614003000,1790393368614003000,0.576664037,0.836502629,0.346033033,0.00335619,0.031939552,-1.9748929309999999,-0.014252359,-0.007395736,0.8345293159999999,-0.550729511,-0.392987408,0.919410563,-0.015641973,0.576664037,-0.9189890690000001,-0.39328451200000003,-0.028042282999999998,0.836502629,-0.031934069,0.0033544490000000002,0.99948471,0.346033033,0.0,0.0,0.0,1.0,-0.9717909029999999,-0.23556563,0.011457505,0.060987159000000006,-0.171129631,0.6708745939999999,-0.721555215,-0.38238325700000003,0.16228706,-0.703161513,-0.692262087,1.989421954,0.0,0.0,0.0,1.0,0.068001,-0.00203286,-0.01200306,-0.010605241000000001,-0.126755342,-0.0414809,-0.10114807599999999,-0.126180395,0
2026-09-26T13:29:28.822,1790393368822558518,1790393368,682003000,1790393368682003000,0.5739489729999999,0.842085545,0.34398472799999996,-0.011269838999999999,0.032523965,-1.977378501,-0.010485349,-0.013646297,0.835131982,-0.549780327,-0.395262955,0.918564347,-0.002508416,0.5739489729999999,-0.917992136,-0.395110635,-0.034322173,0.842085545,-0.032518183,-0.011263661000000001,0.9994080359999999,0.34398472799999996,0.0,0.0,0.0,1.0,-0.97091867,-0.23827459899999998,0.02328416,0.057661045999999994,-0.182120539,0.6719544890000001,-0.717850454,-0.38481407,0.155399633,-0.7012149320000001,-0.695807857,1.9932621030000002,0.0,0.0,0.0,1.0,0.068,-0.059790077999999997,-0.068993006,-0.030122132000000003,-0.0365525,-0.213910598,0.00873887,-0.036499545,0
2026-09-26T13:29:28.889,1790393368889630464,1790393368,746000000,1790393368746000000,0.570517622,0.846534905,0.345680337,-0.011119195,0.02424707,-1.98298883,-0.007101808,-0.011288797,0.8367336870000001,-0.5474475910000001,-0.400501056,0.91629593,0.00047536,0.570517622,-0.915975381,-0.400347291,-0.026667146,0.846534905,-0.024244647999999997,-0.01111572,0.9996446179999999,0.345680337,0.0,0.0,0.0,1.0,-0.969418619,-0.24385058,0.027648443999999998,0.053606145,-0.18769328899999999,0.664113759,-0.723687878,-0.389972159,0.158109997,-0.70674593,-0.68957336,1.9952701259999999,0.0,0.0,0.0,1.0,0.063997,-0.042652527,-0.07674139599999999,0.026495132999999997,-0.0876655,0.004842007,-0.128343144,-0.08907272599999999,0
2026-09-26T13:29:28.955,1790393368955902802,1790393368,814003000,1790393368814003000,0.569967517,0.8544980520000001,0.34314249399999996,-0.009022769,0.02285809,-1.985792524,-0.007108547,-0.01002163,0.837520226,-0.546268164,-0.40308078299999994,0.9151636559999999,-0.000958155,0.569967517,-0.914878834,-0.402981217,-0.024552959,0.8544980520000001,-0.022856052999999998,-0.009020311999999999,0.999698434,0.34314249399999996,0.0,0.0,0.0,1.0,-0.968759887,-0.246828877,0.024078746,0.050437813,-0.186845412,0.662579447,-0.725311842,-0.394516628,0.163073826,-0.707152021,-0.6879992340000001,2.00183631,0.0,0.0,0.0,1.0,0.068003,-0.104051415,-0.054324368,-0.037319574,-0.041228975,0.031799368,-0.020009136,-0.04142116,0
2026-09-26T13:29:29.022,1790393369022565422,1790393368,881996000,1790393368881996000,0.5697317820000001,0.859452848,0.34406480100000003,-0.0033419770000000003,0.017329153,-1.987466916,-0.0063498109999999995,-0.006127372,0.83802813,-0.545555669,-0.404657043,0.914459716,-0.003957042,0.5697317820000001,-0.91430422,-0.40466283,-0.017198146,0.859452848,-0.017328239,-0.003341493,0.999844634,0.34406480100000003,0.0,0.0,0.0,1.0,-0.968552979,-0.24782167800000002,0.022125613,0.048973447,-0.185035788,0.658000664,-0.729929369,-0.399468518,0.166333653,-0.7110692940000001,-0.6831643829999999,2.005090313,0.0,0.0,0.0,1.0,0.067993,-0.065288737,-0.032553821000000004,0.013564735,-0.024625947000000002,0.084044219,-0.08116259,-0.025123295,1
2026-09-26T13:29:29.089,1790393369089553416,1790393368,946001000,1790393368946001000,0.568785883,0.865517839,0.34225287200000004,0.001782656,0.008307483000000001,-1.987502986,-0.003967409,-0.001519068,0.838072954,-0.545541635,-0.404736827,0.914419339,-0.004992573,0.568785883,-0.914395367,-0.40476392899999997,-0.006874926999999999,0.865517839,-0.008307341,0.001782567,0.9999642670000001,0.34225287200000004,0.0,0.0,0.0,1.0,-0.968396829,-0.248819862,0.017212149,0.046360769,-0.180691515,0.652325216,-0.7360858570000001,-0.404871421,0.17192486199999998,-0.715933299,-0.6766693090000001,2.0083077069999997,0.0,0.0,0.0,1.0,0.064005,-0.080669586,-0.051864405,-0.028309179,-0.00056355,0.08007281599999999,-0.140952254,-0.000673401,0
2026-09-26T13:29:29.789,1790393369789488606,1790393369,545997000,1790393369545997000,0.483989478,0.8253727009999999,0.454161424,-0.04131011,1.20502193,-2.224776738,-0.500565874,-0.26598889800000003,0.733515522,-0.375018254,-0.217590119,0.816453177,-0.534844611,0.483989478,-0.283873777,-0.577222456,-0.76565676,0.8253727009999999,-0.933846891,-0.014771262,0.35736772899999997,0.454161424,0.0,0.0,0.0,1.0,-0.907107799,-0.172890458,-0.38375034799999996,-0.044115765999999994,-0.299894179,0.9052214409999999,0.301060832,-0.312970546,0.295328498,0.388179124,-0.8729822709999999,2.134548785,0.0,0.0,0.0,1.0,0.599996,0.11838618,-0.102152884,0.186515497,-0.39545889,0.176584872,1.9902179869999999,-0.305607251,0
2026-09-26T13:29:29.822,1790393369822572025,1790393369,613999000,1790393369613999000,0.485470522,0.791333115,0.499854371,-0.016721338,1.228746671,-2.210368253,-0.5119967910000001,-0.264902577,0.727958992,-0.37116252,-0.200195238,0.81164055,-0.548781847,0.485470522,-0.269123942,-0.5841300429999999,-0.765744572,0.791333115,-0.942068983,-0.005608363000000001,0.335372123,0.499854371,0.0,0.0,0.0,1.0,-0.903073185,-0.1578067,-0.399444449,-0.034980513,-0.298332914,0.89953999,0.319100735,-0.322551015,0.308960022,0.40733874299999995,-0.8594293759999999,2.083669919,0.0,0.0,0.0,1.0,0.068002,0.384035134,0.321806005,0.67193534,0.211883253,0.162814982,0.34659878899999996,0.08352448400000001,0
2026-09-26T13:29:29.889,1790393369889669819,1790393369,682004000,1790393369682004000,0.48235648700000006,0.771929834,0.5274455370000001,0.005911064000000001,1.2179785140000001,-2.172585595,-0.507327569,-0.264291593,0.726607998,-0.380538445,-0.195618348,0.821169204,-0.53611064,0.48235648700000006,-0.284840023,-0.570680918,-0.7701881690000001,0.771929834,-0.93840259,0.002042547,0.345537684,0.5274455370000001,0.0,0.0,0.0,1.0,-0.910498316,-0.153169415,-0.384098877,-0.032289551,-0.284129197,0.9066051479999999,0.311989913,-0.326614421,0.30043870699999997,0.393199996,-0.868982363,2.047873779,0.0,0.0,0.0,1.0,0.068005,0.256258604,0.133553967,0.405722609,0.555586472,-0.18959530800000002,-0.15933766800000002,0.188303205,0
