base_sample_index,base_common_time_ns,frame_name,source_t0_ns,source_t1_ns,interpolation_alpha,source_t0_offset_ms,source_t1_offset_ms,interpolation_gap_ms,large_gap_warning,F_T00,F_T01,F_T02,F_T03,F_T10,F_T11,F_T12,F_T13,F_T20,F_T21,F_T22,F_T23,F_T30,F_T31,F_T32,F_T33
55,1790395160956152000,FL_hip,1790395160890795560,1790395160958922971,0.9593266359999999,65.35644,2.770971,68.127411,0,0.346414395,0.882070978,0.319292897,0.47672938600000003,-0.583585031,0.46912395799999995,-0.662835696,0.37714545899999996,-0.7344558370000001,0.043281149000000005,0.677275128,0.36990494799999996,0.0,0.0,0.0,1.0
55,1790395160956152000,FL_thigh,1790395160890795560,1790395160958922971,0.9593266359999999,65.35644,2.770971,68.127411,0,0.364031411,0.8821254690000001,0.298891093,0.560943608,-0.620738665,0.469031938,-0.628245563,0.421933436,-0.6943806159999999,0.043167738,0.718312147,0.374037804,0.0,0.0,0.0,1.0
55,1790395160956152000,FL_calf,1790395160890795560,1790395160958922971,0.9593266359999999,65.35644,2.770971,68.127411,0,0.27800448,0.8823229859999999,-0.379762761,0.497306211,-0.592380879,0.46869495899999997,0.655293725,0.555699368,0.756173995,0.042789484,0.652970277,0.22109155100000003,0.0,0.0,0.0,1.0
55,1790395160956152000,FL_calflower,1790395160890795560,1790395160958922971,0.9593266359999999,65.35644,2.770971,68.127411,0,0.296637274,0.8823229859999999,-0.365393724,0.558878731,-0.624391593,0.46869496,0.624868074,0.44699389700000003,0.722594063,0.042789485,0.689947182,0.139728727,0.0,0.0,0.0,1.0
55,1790395160956152000,FL_calflower1,1790395160890795560,1790395160958922971,0.9593266359999999,65.35644,2.770971,68.127411,0,0.43184696899999997,0.8823229859999999,-0.187121462,0.570488886,-0.8423832370000001,0.46869496,0.265923774,0.428254946,0.322334023,0.042789484,0.945658538,0.104969866,0.0,0.0,0.0,1.0
55,1790395160956152000,FL_foot,1790395160890795560,1790395160958922971,0.9593266359999999,65.35644,2.770971,68.127411,0,0.27800448,0.8823229859999999,-0.379762761,0.577938772,-0.592380879,0.46869495899999997,0.655293725,0.416266645,0.756173995,0.042789484,0.652970277,0.082269569,0.0,0.0,0.0,1.0
55,1790395160956152000,FR_hip,1790395160890795560,1790395160958922971,0.9593266359999999,65.35644,2.770971,68.127411,0,0.346414395,0.691128297,0.6343018539999999,0.40314864799999994,-0.583585031,0.6881688779999999,-0.43110560700000006,0.321121941,-0.7344558370000001,-0.220828153,0.6417240710000001,0.37971504799999994,0.0,0.0,0.0,1.0
55,1790395160956152000,FR_thigh,1790395160890795560,1790395160958922971,0.9593266359999999,65.35644,2.770971,68.127411,0,0.293045518,0.691654938,0.660104438,0.337266004,-0.548100905,0.687232215,-0.47675697899999997,0.255505995,-0.78339614,-0.222092617,0.580487373,0.400778006,0.0,0.0,0.0,1.0
55,1790395160956152000,FR_calf,1790395160890795560,1790395160958922971,0.9593266359999999,65.35644,2.770971,68.127411,0,0.561697103,0.690760264,-0.455353401,0.19705315399999998,-0.31943621,0.688770489,0.650811538,0.35669211100000003,0.763189023,-0.220102865,0.607533931,0.277588342,0.0,0.0,0.0,1.0
55,1790395160956152000,FR_calflower,1790395160890795560,1790395160958922971,0.9593266359999999,65.35644,2.770971,68.127411,0,0.583753312,0.690760264,-0.42671117399999997,0.275711731,-0.351564018,0.688770489,0.634033037,0.254166598,0.731871195,-0.22010286399999998,0.644918225,0.20292233,0.0,0.0,0.0,1.0
55,1790395160956152000,FR_calflower1,1790395160890795560,1790395160958922971,0.9593266359999999,65.35644,2.770971,68.127411,0,0.714832558,0.690760264,-0.108925522,0.286974205,-0.604618752,0.688770489,0.400039142,0.2323528,0.351356228,-0.220102865,0.9100020679999999,0.16983012100000003,0.0,0.0,0.0,1.0
55,1790395160956152000,FR_foot,1790395160890795560,1790395160958922971,0.9593266359999999,65.35644,2.770971,68.127411,0,0.561697103,0.690760264,-0.455353401,0.294128092,-0.31943621,0.688770489,0.650811538,0.218304859,0.763189023,-0.220102865,0.607533931,0.14820751599999998,0.0,0.0,0.0,1.0
55,1790395160956152000,RL_hip,1790395160890795560,1790395160958922971,0.9593266359999999,65.35644,2.770971,68.127411,0,0.346414395,0.875605008,0.336620015,0.342736298,-0.583585031,0.48209994799999994,-0.6534585589999999,0.602876149,-0.7344558370000001,0.029920917999999998,0.677996752,0.653992466,0.0,0.0,0.0,1.0
55,1790395160956152000,RL_thigh,1790395160890795560,1790395160958922971,0.9593266359999999,65.35644,2.770971,68.127411,0,-0.314506147,0.875605966,0.36660629200000006,0.426356324,0.616038205,0.48209833399999996,-0.6229591179999999,0.6489165570000001,-0.7222074009999999,0.029918879,-0.691029351,0.656849904,0.0,0.0,0.0,1.0
55,1790395160956152000,RL_calf,1790395160890795560,1790395160958922971,0.9593266359999999,65.35644,2.770971,68.127411,0,0.36243664600000003,0.8755854209999999,0.319358646,0.348269915,-0.614673944,0.482133105,-0.624278422,0.781606763,-0.7005822,0.029959807,0.7129426520000001,0.804038829,0.0,0.0,0.0,1.0
55,1790395160956152000,RL_calflower,1790395160890795560,1790395160958922971,0.9593266359999999,65.35644,2.770971,68.127411,0,0.346022415,0.8755854209999999,0.33707381399999997,0.308297563,-0.582704845,0.482133105,-0.654219129,0.8616197640000001,-0.7353389359999999,0.029959807999999997,0.677037143,0.684624311,0.0,0.0,0.0,1.0
55,1790395160956152000,RL_calflower1,1790395160890795560,1790395160958922971,0.9593266359999999,65.35644,2.770971,68.127411,0,0.151266457,0.8755854209999999,0.45876870700000005,0.29137112800000003,-0.21475146899999997,0.482133105,-0.849370009,0.893582203,-0.964883556,0.029959807999999997,0.260964301,0.664913335,0.0,0.0,0.0,1.0
55,1790395160956152000,RL_foot,1790395160890795560,1790395160958922971,0.9593266359999999,65.35644,2.770971,68.127411,0,0.36243664600000003,0.8755854209999999,0.319358646,0.28031817600000003,-0.614673944,0.482133105,-0.624278422,0.914436203,-0.7005822,0.029959807,0.7129426520000001,0.652322705,0.0,0.0,0.0,1.0
55,1790395160956152000,RR_hip,1790395160890795560,1790395160958922971,0.9593266359999999,65.35644,2.770971,68.127411,0,0.346414395,0.705390561,0.618402232,0.26915556,-0.583585031,0.678175337,-0.446661684,0.546852631,-0.7344558370000001,-0.206160515,0.646585415,0.663802566,0.0,0.0,0.0,1.0
55,1790395160956152000,RR_thigh,1790395160890795560,1790395160958922971,0.9593266359999999,65.35644,2.770971,68.127411,0,-0.28739571199999997,0.705288048,0.6480529079999999,0.201860318,0.008024736,0.678346192,-0.734698567,0.48214711200000004,-0.95777847,-0.205949031,-0.200613138,0.6834758479999999,0.0,0.0,0.0,1.0
55,1790395160956152000,RR_calf,1790395160890795560,1790395160958922971,0.9593266359999999,65.35644,2.770971,68.127411,0,0.521903832,0.705362913,0.479666185,0.06386619,-0.693653208,0.6782217770000001,-0.24261159300000001,0.6385334,-0.496448936,-0.206102335,0.843244042,0.726290289,0.0,0.0,0.0,1.0
55,1790395160956152000,RR_calflower,1790395160890795560,1790395160958922971,0.9593266359999999,65.35644,2.770971,68.127411,0,0.49727827,0.705362913,0.505151047,0.00339257,-0.680660796,0.6782217770000001,-0.276976602,0.660505328,-0.537973141,-0.206102334,0.817378102,0.5916483539999999,0.0,0.0,0.0,1.0
55,1790395160956152000,RR_calflower1,1790395160890795560,1790395160958922971,0.9593266359999999,65.35644,2.770971,68.127411,0,0.207815067,0.705362913,0.6776991640000001,-0.021763226,-0.47584064299999995,0.6782217770000001,-0.5599918220000001,0.6783711640000001,-0.85462763,-0.206102334,0.47658543299999995,0.564359744,0.0,0.0,0.0,1.0
55,1790395160956152000,RR_foot,1790395160890795560,1790395160958922971,0.9593266359999999,65.35644,2.770971,68.127411,0,0.521903832,0.705362913,0.479666185,-0.038185837,-0.693653208,0.6782217770000001,-0.24261159300000001,0.690115412,-0.496448936,-0.206102335,0.843244042,0.54681065,0.0,0.0,0.0,1.0
56,1790395161556155000,FL_hip,1790395161094542597,1790395161734722352,0.721066856,461.61240300000003,178.567352,640.179755,1,0.5417284520000001,0.84055074,0.002177601,0.49722460399999996,-0.83728236,0.53984655,-0.086738081,0.35011463299999995,-0.07408327599999999,0.045165174,0.996229138,0.311716981,0.0,0.0,0.0,1.0
56,1790395161556155000,FL_thigh,1790395161094542597,1790395161734722352,0.721066856,461.61240300000003,178.567352,640.179755,1,0.43892402799999997,0.843065422,0.310783519,0.57730756,-0.63762242,0.535948606,-0.553350056,0.401548631,-0.633074591,0.04471605,0.772798653,0.31601498699999997,0.0,0.0,0.0,1.0
56,1790395161556155000,FL_calf,1790395161094542597,1790395161734722352,0.721066856,461.61240300000003,178.567352,640.179755,1,0.250134456,0.844684523,-0.47322385100000003,0.5120728139999999,-0.46656834399999997,0.5334266870000001,0.705527812,0.518599166,0.8483792059999999,0.044314407,0.527531682,0.153419807,0.0,0.0,0.0,1.0
56,1790395161556155000,FL_calflower,1790395161094542597,1790395161734722352,0.721066856,461.61240300000003,178.567352,640.179755,1,0.27347318800000003,0.844684523,-0.46013093200000005,0.584278672,-0.501246949,0.5334266870000001,0.6813273879999999,0.407114081,0.820953358,0.044314408,0.569273693,0.09356987300000001,0.0,0.0,0.0,1.0
56,1790395161556155000,FL_calflower1,1790395161094542597,1790395161734722352,0.721066856,461.61240300000003,178.567352,640.179755,1,0.455048212,0.844684523,-0.281849577,0.599318056,-0.759226298,0.5334266870000001,0.372868531,0.385317329,0.465302723,0.044314408,0.88404204,0.063340349,0.0,0.0,0.0,1.0
56,1790395161556155000,FL_foot,1790395161094542597,1790395161734722352,0.721066856,461.61240300000003,178.567352,640.179755,1,0.250134456,0.844684523,-0.47322385100000003,0.608997464,-0.46656834399999997,0.5334266870000001,0.705527812,0.37131518,0.8483792059999999,0.044314407,0.527531682,0.043556051,0.0,0.0,0.0,1.0
56,1790395161556155000,FR_hip,1790395161094542597,1790395161734722352,0.721066856,461.61240300000003,178.567352,640.179755,1,0.5417284520000001,0.833631612,0.107650465,0.419273275,-0.83728236,0.546463968,-0.018300923,0.299456574,-0.07408327599999999,-0.080219825,0.994020708,0.314236733,0.0,0.0,0.0,1.0
56,1790395161556155000,FR_thigh,1790395161094542597,1790395161734722352,0.721066856,461.61240300000003,178.567352,640.179755,1,0.466245,0.83410915,0.294749944,0.339675161,-0.775317155,0.545723125,-0.31791370399999996,0.24727824,-0.42602675100000004,-0.08029913400000001,0.901140376,0.321896508,0.0,0.0,0.0,1.0
56,1790395161556155000,FR_calf,1790395161094542597,1790395161734722352,0.721066856,461.61240300000003,178.567352,640.179755,1,0.339546185,0.833842293,-0.435218822,0.277212814,-0.392836649,0.546137809,0.739873235,0.314738237,0.8546275940000001,-0.080251351,0.513003037,0.130867868,0.0,0.0,0.0,1.0
56,1790395161556155000,FR_calflower,1790395161094542597,1790395161734722352,0.721066856,461.61240300000003,178.567352,640.179755,1,0.360873716,0.833842292,-0.417704676,0.348307291,-0.429323955,0.546137809,0.719314937,0.197453643,0.8279200659999999,-0.080251351,0.555075494,0.07209810700000001,0.0,0.0,0.0,1.0
56,1790395161556155000,FR_calflower1,1790395161094542597,1790395161734722352,0.721066856,461.61240300000003,178.567352,640.179755,1,0.512980474,0.833842293,-0.20385795899999998,0.361385464,-0.712972827,0.546137809,0.439775835,0.172989472,0.478038591,-0.080251351,0.874665391,0.041648065,0.0,0.0,0.0,1.0
56,1790395161556155000,FR_foot,1790395161094542597,1790395161734722352,0.721066856,461.61240300000003,178.567352,640.179755,1,0.339546185,0.833842293,-0.435218822,0.369770645,-0.392836649,0.546137809,0.739873235,0.157243576,0.8546275940000001,-0.080251351,0.513003037,0.021713602000000002,0.0,0.0,0.0,1.0
56,1790395161556155000,RL_hip,1790395161094542597,1790395161734722352,0.721066856,461.61240300000003,178.567352,640.179755,1,0.5417284520000001,0.827053907,0.150040401,0.287684039,-0.83728236,0.546686004,0.009602348,0.67397545,-0.07408327599999999,-0.130828196,0.988633588,0.340372393,0.0,0.0,0.0,1.0
56,1790395161556155000,RL_thigh,1790395161094542597,1790395161734722352,0.721066856,461.61240300000003,178.567352,640.179755,1,0.223290042,0.827469155,0.51520516,0.36665331799999995,-0.53387345,0.5460412,-0.645614197,0.726174475,-0.8155494940000001,-0.130895285,0.563689779,0.327880463,0.0,0.0,0.0,1.0
56,1790395161556155000,RL_calf,1790395161094542597,1790395161734722352,0.721066856,461.61240300000003,178.567352,640.179755,1,0.53938123,0.826793766,-0.159624439,0.257371112,-0.7050901070000001,0.547086909,0.45115784200000003,0.863318446,0.460343282,-0.130796609,0.878052976,0.20823029699999998,0.0,0.0,0.0,1.0
56,1790395161556155000,RL_calflower,1790395161094542597,1790395161734722352,0.721066856,461.61240300000003,178.567352,640.179755,1,0.546685041,0.826793766,-0.132467124,0.291780219,-0.726757422,0.547086909,0.415354195,0.7825692409999999,0.415883615,-0.130796609,0.899963214,0.08765505,0.0,0.0,0.0,1.0
56,1790395161556155000,RL_calflower1,1790395161094542597,1790395161734722352,0.721066856,461.61240300000003,178.567352,640.179755,1,0.546077415,0.826793766,0.134950101,0.291617361,-0.8364320609999999,0.547086909,0.032815619,0.7732362079999999,-0.046697616,-0.130796609,0.9903091940000001,0.047555144,0.0,0.0,0.0,1.0
56,1790395161556155000,RL_foot,1790395161094542597,1790395161734722352,0.721066856,461.61240300000003,178.567352,640.179755,1,0.53938123,0.826793766,-0.159624439,0.291377015,-0.7050901070000001,0.547086909,0.45115784200000003,0.767367845,0.460343282,-0.130796609,0.878052976,0.021469589,0.0,0.0,0.0,1.0
56,1790395161556155000,RR_hip,1790395161094542597,1790395161734722352,0.721066856,461.61240300000003,178.567352,640.179755,1,0.5417284520000001,0.840531668,-0.006066502,0.20973271,-0.83728236,0.53896987,-0.092028645,0.623317391,-0.07408327599999999,0.054933870999999995,0.995738248,0.342892145,0.0,0.0,0.0,1.0
56,1790395161556155000,RR_thigh,1790395161094542597,1790395161734722352,0.721066856,461.61240300000003,178.567352,640.179755,1,0.35664218700000005,0.840175597,0.408547819,0.12950297300000002,-0.47329336899999996,0.539519359,-0.6963560809999999,0.571872128,-0.805481262,0.054986942000000004,0.590065329,0.337648131,0.0,0.0,0.0,1.0
56,1790395161556155000,RR_calf,1790395161094542597,1790395161734722352,0.721066856,461.61240300000003,178.567352,640.179755,1,0.43610882799999995,0.840491597,-0.321532222,0.042468473,-0.733187525,0.5390317929999999,0.41458451700000004,0.720009675,0.521771283,0.054939405999999996,0.85131493,0.212139551,0.0,0.0,0.0,1.0
56,1790395161556155000,RR_calflower,1790395161094542597,1790395161734722352,0.721066856,461.61240300000003,178.567352,640.179755,1,0.451633719,0.840491597,-0.29933403399999997,0.09878339800000001,-0.752991821,0.5390317929999999,0.377422291,0.643987536,0.47857119200000003,0.054939405999999996,0.876328703,0.09663703400000001,0.0,0.0,0.0,1.0
56,1790395161556155000,RR_calflower1,1790395161094542597,1790395161734722352,0.721066856,461.61240300000003,178.567352,640.179755,1,0.538823038,0.840491597,-0.056952722000000004,0.10624124300000001,-0.842185677,0.5390317929999999,-0.012944286000000001,0.6364194470000001,0.019819872,0.054939405999999996,0.9982933209999999,0.056818500999999993,0.0,0.0,0.0,1.0
56,1790395161556155000,RR_foot,1790395161094542597,1790395161734722352,0.721066856,461.61240300000003,178.567352,640.179755,1,0.43610882799999995,0.840491597,-0.321532222,0.11096215699999999,-0.733187525,0.5390317929999999,0.41458451700000004,0.631701439,0.521771283,0.054939405999999996,0.85131493,0.030899704,0.0,0.0,0.0,1.0
57,1790395161620161000,FL_hip,1790395161094542597,1790395161734722352,0.821048149,525.6184030000001,114.561352,640.179755,1,0.541286308,0.8406526790000001,0.017669462,0.496642001,-0.837463983,0.5408755679999999,-0.078148834,0.347921187,-0.075252954,0.027503301,0.9967854740000001,0.311411886,0.0,0.0,0.0,1.0
57,1790395161620161000,FL_thigh,1790395161094542597,1790395161734722352,0.821048149,525.6184030000001,114.561352,640.179755,1,0.42056744799999995,0.8424872529999999,0.336657472,0.576785737,-0.625401446,0.53803209,-0.565149577,0.399486116,-0.657264151,0.027137392000000003,0.753172037,0.314028529,0.0,0.0,0.0,1.0
57,1790395161620161000,FL_calf,1790395161094542597,1790395161734722352,0.821048149,525.6184030000001,114.561352,640.179755,1,0.287304991,0.843666362,-0.453522784,0.505798933,-0.493070114,0.53619907,0.6851072640000001,0.519261863,0.8211809870000001,0.026783741,0.570039593,0.155059669,0.0,0.0,0.0,1.0
57,1790395161620161000,FL_calflower,1790395161094542597,1790395161734722352,0.821048149,525.6184030000001,114.561352,640.179755,1,0.309612626,0.843666362,-0.438596734,0.576609571,-0.526694997,0.53619907,0.659607824,0.409644988,0.7916646190000001,0.026783741,0.610369135,0.08808583800000001,0.0,0.0,0.0,1.0
57,1790395161620161000,FL_calflower1,1790395161094542597,1790395161734722352,0.821048149,525.6184030000001,114.561352,640.179755,1,0.47715966600000004,0.843666362,-0.246060413,0.590604726,-0.771768945,0.53619907,0.341852009,0.38884509100000003,0.420346741,0.026783741,0.9069685590000001,0.056313469000000005,0.0,0.0,0.0,1.0
57,1790395161620161000,FL_foot,1790395161094542597,1790395161734722352,0.821048149,525.6184030000001,114.561352,640.179755,1,0.287304991,0.843666362,-0.453522784,0.599598131,-0.493070114,0.53619907,0.6851072640000001,0.37549575799999996,0.8211809870000001,0.026783741,0.570039593,0.035535098,0.0,0.0,0.0,1.0
57,1790395161620161000,FR_hip,1790395161094542597,1790395161734722352,0.821048149,525.6184030000001,114.561352,640.179755,1,0.541286308,0.8331136459999999,0.113713632,0.41868278700000006,-0.837463983,0.546264623,-0.015766484,0.297286762,-0.075252954,-0.08669701099999999,0.993388816,0.314153008,0.0,0.0,0.0,1.0
57,1790395161620161000,FR_thigh,1790395161094542597,1790395161734722352,0.821048149,525.6184030000001,114.561352,640.179755,1,0.45735352,0.8334616159999999,0.31011207,0.33913044299999995,-0.769393395,0.545723512,-0.331992764,0.245125044,-0.445938846,-0.086760241,0.890848992,0.322431637,0.0,0.0,0.0,1.0
57,1790395161620161000,FR_calf,1790395161094542597,1790395161734722352,0.821048149,525.6184030000001,114.561352,640.179755,1,0.348834074,0.833267317,-0.42892933,0.27331484899999997,-0.397550144,0.546026335,0.737433839,0.315649374,0.84868677,-0.086721255,0.5217383529999999,0.133345913,0.0,0.0,0.0,1.0
57,1790395161620161000,FR_calflower,1790395161094542597,1790395161734722352,0.821048149,525.6184030000001,114.561352,640.179755,1,0.36983565399999996,0.833267317,-0.41095884299999996,0.343693842,-0.433909641,0.546026335,0.716643013,0.198611729,0.821550083,-0.086721255,0.5635029770000001,0.073148283,0.0,0.0,0.0,1.0
57,1790395161620161000,FR_calflower1,1790395161094542597,1790395161734722352,0.821048149,525.6184030000001,114.561352,640.179755,1,0.5178145829999999,0.833267317,-0.193736004,0.35641843,-0.7158064679999999,0.546026335,0.43528827700000006,0.174296168,0.46849681200000004,-0.086721255,0.8791989990000001,0.042416271,0.0,0.0,0.0,1.0
57,1790395161620161000,FR_foot,1790395161094542597,1790395161734722352,0.821048149,525.6184030000001,114.561352,640.179755,1,0.348834074,0.833267317,-0.42892933,0.36457226,-0.397550144,0.546026335,0.737433839,0.158647715,0.84868677,-0.086721255,0.5217383529999999,0.022300617000000002,0.0,0.0,0.0,1.0
57,1790395161620161000,RL_hip,1790395161094542597,1790395161734722352,0.821048149,525.6184030000001,114.561352,640.179755,1,0.541286308,0.826209327,0.15616428699999998,0.287272457,-0.837463983,0.546356218,0.012186164,0.671852256,-0.075252954,-0.137378321,0.987656271,0.34051972799999997,0.0,0.0,0.0,1.0
57,1790395161620161000,RL_thigh,1790395161094542597,1790395161734722352,0.821048149,525.6184030000001,114.561352,640.179755,1,0.208985444,0.826511852,0.522688479,0.36616495600000004,-0.524251575,0.545885121,-0.6535818720000001,0.724022347,-0.82552145,-0.137431312,0.547382581,0.327401727,0.0,0.0,0.0,1.0
57,1790395161620161000,RL_calf,1790395161094542597,1790395161734722352,0.821048149,525.6184030000001,114.561352,640.179755,1,0.540396483,0.8260192540000001,-0.160199368,0.25516766,-0.6988142079999999,0.546649119,0.461338256,0.862962171,0.46864748,-0.137356128,0.87264171,0.211109502,0.0,0.0,0.0,1.0
57,1790395161620161000,RL_calflower,1790395161094542597,1790395161734722352,0.821048149,525.6184030000001,114.561352,640.179755,1,0.54772776,0.826019253,-0.13299059300000002,0.289683149,-0.720998175,0.546649119,0.425835549,0.780798891,0.424447885,-0.137356128,0.8949737459999999,0.09145509,0.0,0.0,0.0,1.0
57,1790395161620161000,RL_calflower1,1790395161094542597,1790395161734722352,0.821048149,525.6184030000001,114.561352,640.179755,1,0.5472440279999999,0.8260192540000001,0.13496729300000002,0.28952944399999997,-0.83616371,0.546649119,0.044772027,0.770985533,-0.03679712,-0.137356128,0.9898383629999999,0.051453585999999996,0.0,0.0,0.0,1.0
57,1790395161620161000,RL_foot,1790395161094542597,1790395161734722352,0.821048149,525.6184030000001,114.561352,640.179755,1,0.540396483,0.8260192540000001,-0.160199368,0.28929474899999996,-0.6988142079999999,0.546649119,0.461338256,0.764804595,0.46864748,-0.137356128,0.87264171,0.025429636000000002,0.0,0.0,0.0,1.0
57,1790395161620161000,RR_hip,1790395161094542597,1790395161734722352,0.821048149,525.6184030000001,114.561352,640.179755,1,0.541286308,0.840785135,-0.009460122,0.209313243,-0.837463983,0.53807286,-0.095557401,0.621217831,-0.075252954,0.05964639,0.995379335,0.34326085,0.0,0.0,0.0,1.0
57,1790395161620161000,RR_thigh,1790395161094542597,1790395161734722352,0.821048149,525.6184030000001,114.561352,640.179755,1,0.355108259,0.840525258,0.40916429299999996,0.129048251,-0.464369869,0.538474204,-0.703139886,0.569851113,-0.8113316740000001,0.059687177,0.581531664,0.33756620600000004,0.0,0.0,0.0,1.0
57,1790395161620161000,RR_calf,1790395161094542597,1790395161734722352,0.821048149,525.6184030000001,114.561352,640.179755,1,0.43408721,0.840755886,-0.323570452,0.04188641,-0.735830097,0.538118103,0.411074833,0.719483368,0.519733094,0.059650515,0.852244124,0.21382758300000002,0.0,0.0,0.0,1.0
57,1790395161620161000,RR_calflower,1790395161094542597,1790395161734722352,0.821048149,525.6184030000001,114.561352,640.179755,1,0.449716496,0.840755886,-0.301470756,0.098460985,-0.7554556790000001,0.538118103,0.37378492,0.643927724,0.47648911,0.059650515,0.8771548690000001,0.09813150699999999,0.0,0.0,0.0,1.0
57,1790395161620161000,RR_calflower1,1790395161094542597,1790395161734722352,0.821048149,525.6184030000001,114.561352,640.179755,1,0.538109165,0.840755886,-0.059733317,0.106023261,-0.8426914440000001,0.538118103,-0.017308373999999998,0.636530051,0.017591568999999998,0.059650515,0.998064663,0.058295268,0.0,0.0,0.0,1.0
57,1790395161620161000,RR_foot,1790395161094542597,1790395161734722352,0.821048149,525.6184030000001,114.561352,640.179755,1,0.43408721,0.840755886,-0.323570452,0.110812319,-0.735830097,0.538118103,0.411074833,0.631923077,0.519733094,0.059650515,0.852244124,0.032365495,0.0,0.0,0.0,1.0
58,1790395161688158000,FL_hip,1790395161094542597,1790395161734722352,0.927263629,593.615403,46.564352,640.179755,1,0.541057631,0.840660075,0.023394081,0.496094735,-0.8378585390000001,0.541233647,-0.071124908,0.34961173100000004,-0.07245348,0.018881678,0.9971934090000001,0.313247813,0.0,0.0,0.0,1.0
58,1790395161688158000,FL_thigh,1790395161094542597,1790395161734722352,0.927263629,593.615403,46.564352,640.179755,1,0.407058804,0.84150175,0.355215341,0.576314147,-0.610895693,0.539930361,-0.579034716,0.401258866,-0.6790506009999999,0.018701592,0.7338536990000001,0.315046292,0.0,0.0,0.0,1.0
58,1790395161688158000,FL_calf,1790395161094542597,1790395161734722352,0.927263629,593.615403,46.564352,640.179755,1,0.316736356,0.842041852,-0.436627535,0.500985908,-0.5219280620000001,0.5390941370000001,0.661035667,0.5243122570000001,0.7920035670000001,0.018514068999999998,0.610236265,0.15940104900000002,0.0,0.0,0.0,1.0
58,1790395161688158000,FL_calflower,1790395161094542597,1790395161734722352,0.927263629,593.615403,46.564352,640.179755,1,0.33816279899999996,0.842041852,-0.420251644,0.570999979,-0.554313801,0.5390941370000001,0.634124014,0.416786004,0.760514667,0.018514068999999998,0.649057309,0.08538630800000001,0.0,0.0,0.0,1.0
58,1790395161688158000,FL_calflower1,1790395161094542597,1790395161734722352,0.927263629,593.615403,46.564352,640.179755,1,0.494012144,0.842041852,-0.21660453600000001,0.584222206,-0.7844987920000001,0.5390941370000001,0.30649421,0.39710612,0.374851499,0.018514068999999998,0.926900374,0.052078543,0.0,0.0,0.0,1.0
58,1790395161688158000,FL_foot,1790395161094542597,1790395161734722352,0.927263629,593.615403,46.564352,640.179755,1,0.316736356,0.842041852,-0.436627535,0.592706927,-0.5219280620000001,0.5390941370000001,0.661035667,0.38449029100000004,0.7920035670000001,0.018514068999999998,0.610236265,0.030310711,0.0,0.0,0.0,1.0
58,1790395161688158000,FR_hip,1790395161094542597,1790395161734722352,0.927263629,593.615403,46.564352,640.179755,1,0.541057631,0.833827255,0.10949316199999999,0.418067485,-0.8378585390000001,0.545674274,-0.015238088,0.299048806,-0.07245348,-0.08349522200000001,0.993871099,0.315281729,0.0,0.0,0.0,1.0
58,1790395161688158000,FR_thigh,1790395161094542597,1790395161734722352,0.927263629,593.615403,46.564352,640.179755,1,0.451981772,0.833986697,0.316510143,0.338441582,-0.762098652,0.5454259020000001,-0.348877879,0.246939918,-0.463592523,-0.083525637,0.8821032590000001,0.323255127,0.0,0.0,0.0,1.0
58,1790395161688158000,FR_calf,1790395161094542597,1790395161734722352,0.927263629,593.615403,46.564352,640.179755,1,0.34930246200000004,0.833897728,-0.427319989,0.271133377,-0.40454285700000003,0.545564858,0.7339643090000001,0.32116127,0.84518248,-0.083506417,0.527914742,0.135672052,0.0,0.0,0.0,1.0
58,1790395161688158000,FR_calflower,1790395161094542597,1790395161734722352,0.927263629,593.615403,46.564352,640.179755,1,0.370223024,0.833897728,-0.40932810299999994,0.34132634,-0.44072021100000003,0.545564858,0.712828328,0.204468244,0.817741481,-0.083506417,0.569496504,0.07446530900000001,0.0,0.0,0.0,1.0
58,1790395161688158000,FR_calflower1,1790395161094542597,1790395161734722352,0.927263629,593.615403,46.564352,640.179755,1,0.517405136,0.833897728,-0.192110666,0.353990113,-0.720085867,0.545564858,0.428759692,0.180367358,0.462350916,-0.083506417,0.882756495,0.043518855,0.0,0.0,0.0,1.0
58,1790395161688158000,FR_foot,1790395161094542597,1790395161734722352,0.927263629,593.615403,46.564352,640.179755,1,0.34930246200000004,0.833897728,-0.427319989,0.362104395,-0.40454285700000003,0.545564858,0.7339643090000001,0.16485971300000002,0.84518248,-0.083506417,0.527914742,0.023265106,0.0,0.0,0.0,1.0
58,1790395161688158000,RL_hip,1790395161094542597,1790395161734722352,0.927263629,593.615403,46.564352,640.179755,1,0.541057631,0.8271192279999999,0.152086904,0.286813643,-0.8378585390000001,0.54573807,0.012750373,0.6736954140000001,-0.07245348,-0.134326153,0.988285231,0.341272819,0.0,0.0,0.0,1.0
58,1790395161688158000,RL_thigh,1790395161094542597,1790395161734722352,0.927263629,593.615403,46.564352,640.179755,1,0.20223786100000002,0.827257811,0.5241606289999999,0.365798705,-0.512250301,0.545521762,-0.6633288629999999,0.725810223,-0.834685441,-0.134351385,0.534088606,0.328445384,0.0,0.0,0.0,1.0
58,1790395161688158000,RL_calf,1790395161094542597,1790395161734722352,0.927263629,593.615403,46.564352,640.179755,1,0.535892692,0.827031946,-0.169815158,0.254305777,-0.693384065,0.5458725720000001,0.470362858,0.8669728,0.481702908,-0.134317049,0.865980345,0.214822035,0.0,0.0,0.0,1.0
58,1790395161688158000,RL_calflower,1790395161094542597,1790395161734722352,0.927263629,593.615403,46.564352,640.179755,1,0.543710186,0.827031946,-0.14281946199999998,0.290154895,-0.71602586,0.5458725720000001,0.435120267,0.78353335,0.43781992700000005,-0.134317049,0.888973207,0.096347636,0.0,0.0,0.0,1.0
58,1790395161688158000,RL_calflower1,1790395161094542597,1790395161734722352,0.927263629,593.615403,46.564352,640.179755,1,0.548219228,0.827031946,0.124393904,0.290432217,-0.8360407809999999,0.5458725720000001,0.055303635999999996,0.77329347,-0.022165262999999998,-0.134317049,0.990690845,0.056429757000000004,0.0,0.0,0.0,1.0
58,1790395161688158000,RL_foot,1790395161094542597,1790395161734722352,0.927263629,593.615403,46.564352,640.179755,1,0.535892692,0.827031946,-0.169815158,0.290477766,-0.693384065,0.5458725720000001,0.470362858,0.7668350490000001,0.481702908,-0.134317049,0.865980345,0.030456631,0.0,0.0,0.0,1.0
58,1790395161688158000,RR_hip,1790395161094542597,1790395161734722352,0.927263629,593.615403,46.564352,640.179755,1,0.541057631,0.8406486609999999,-0.023800692999999998,0.20878639300000001,-0.8378585390000001,0.5363915539999999,-0.10137412900000001,0.623132489,-0.07245348,0.074790827,0.994563998,0.343306735,0.0,0.0,0.0,1.0
58,1790395161688158000,RR_thigh,1790395161094542597,1790395161734722352,0.927263629,593.615403,46.564352,640.179755,1,0.361908889,0.8405294040000001,0.403152925,0.128518214,-0.453353787,0.5365757870000001,-0.711727695,0.571915909,-0.814550579,0.074809642,0.575249156,0.336165105,0.0,0.0,0.0,1.0
58,1790395161688158000,RR_calf,1790395161094542597,1790395161734722352,0.927263629,593.615403,46.564352,640.179755,1,0.425880043,0.840635241,-0.33460213,0.042641574,-0.740002513,0.53641233,0.40578028200000005,0.723450895,0.520598304,0.074792661,0.850519949,0.213695208,0.0,0.0,0.0,1.0
58,1790395161688158000,RR_calflower,1790395161094542597,1790395161734722352,0.927263629,593.615403,46.564352,640.179755,1,0.442070941,0.840635241,-0.312898833,0.100682124,-0.7593582640000001,0.53641233,0.368288451,0.648595311,0.47743941100000004,0.074792661,0.8754760909999999,0.098249241,0.0,0.0,0.0,1.0
58,1790395161688158000,RR_calflower1,1790395161094542597,1790395161734722352,0.927263629,593.615403,46.564352,640.179755,1,0.536604845,0.840635241,-0.073400522,0.108777581,-0.843614862,0.53641233,-0.023985847,0.6414569489999999,0.019209706,0.074792661,0.9970144259999999,0.058462619,0.0,0.0,0.0,1.0
58,1790395161688158000,RR_foot,1790395161094542597,1790395161734722352,0.927263629,593.615403,46.564352,640.179755,1,0.425880043,0.840635241,-0.33460213,0.11391400900000001,-0.740002513,0.53641233,0.40578028200000005,0.637018968,0.520598304,0.074792661,0.850519949,0.032564734,0.0,0.0,0.0,1.0
59,1790395161756158000,FL_hip,1790395161734722352,1790395161854557159,0.178876643,21.435648,98.399159,119.83480700000001,1,0.543217976,0.838774042,0.037045142,0.496618891,-0.836215502,0.544459374,-0.065629018,0.349487197,-0.075217438,0.004673068,0.9971565659999999,0.312420911,0.0,0.0,0.0,1.0
59,1790395161756158000,FL_thigh,1790395161734722352,1790395161854557159,0.178876643,21.435648,98.399159,119.83480700000001,1,0.393281881,0.838773945,0.376546993,0.576721805,-0.599894731,0.544459523,-0.586250528,0.40148306200000006,-0.696746602,0.004673081,0.7173026229999999,0.312867189,0.0,0.0,0.0,1.0
59,1790395161756158000,FL_calf,1790395161734722352,1790395161854557159,0.178876643,21.435648,98.399159,119.83480700000001,1,0.34556958200000004,0.838773942,-0.42076114700000006,0.496517306,-0.538964591,0.544459527,0.6427134170000001,0.526354365,0.768179194,0.004673081,0.640218405,0.160081801,0.0,0.0,0.0,1.0
59,1790395161756158000,FL_calflower,1790395161734722352,1790395161854557159,0.178876643,21.435648,98.399159,119.83480700000001,1,0.366167002,0.838773942,-0.402964025,0.56570134,-0.570413309,0.544459527,0.61497319,0.42045354100000004,0.735221586,0.004673082,0.677811257,0.080693098,0.0,0.0,0.0,1.0
59,1790395161756158000,FL_calflower1,1790395161734722352,1790395161854557159,0.178876643,21.435648,98.399159,119.83480700000001,1,0.510868667,0.838773942,-0.188338748,0.57815823,-0.789935521,0.544459527,0.282073109,0.401558756,0.33913869,0.004673082,0.940725162,0.046228447,0.0,0.0,0.0,1.0
59,1790395161756158000,FL_foot,1790395161734722352,1790395161854557159,0.178876643,21.435648,98.399159,119.83480700000001,1,0.34556958200000004,0.838773942,-0.42076114700000006,0.586139423,-0.538964591,0.544459527,0.6427134170000001,0.389456476,0.768179194,0.004673081,0.640218405,0.023715344,0.0,0.0,0.0,1.0
59,1790395161756158000,FR_hip,1790395161734722352,1790395161854557159,0.178876643,21.435648,98.399159,119.83480700000001,1,0.543217976,0.8315040840000001,0.116254871,0.41874854799999994,-0.836215502,0.548226639,-0.013810485,0.298694411,-0.075217438,-0.089712149,0.9931237509999999,0.31472317,0.0,0.0,0.0,1.0
59,1790395161756158000,FR_thigh,1790395161734722352,1790395161854557159,0.178876643,21.435648,98.399159,119.83480700000001,1,0.44647299799999995,0.831504026,0.330549425,0.339339933,-0.755604185,0.5482267270000001,-0.358481958,0.246338783,-0.47929541299999995,-0.089712141,0.873056904,0.32329067699999997,0.0,0.0,0.0,1.0
59,1790395161756158000,FR_calf,1790395161734722352,1790395161854557159,0.178876643,21.435648,98.399159,119.83480700000001,1,0.359186585,0.831504032,-0.42377594,0.268932907,-0.40738176600000003,0.548226719,0.730402015,0.322695432,0.839658052,-0.089712142,0.5356554920000001,0.137329624,0.0,0.0,0.0,1.0
59,1790395161756158000,FR_calflower,1790395161734722352,1790395161854557159,0.178876643,21.435648,98.399159,119.83480700000001,1,0.379917665,0.8315040309999999,-0.405294484,0.338835489,-0.443377532,0.54822672,0.7091286,0.206448309,0.811837081,-0.089712142,0.576951475,0.07484578900000001,0.0,0.0,0.0,1.0
59,1790395161756158000,FR_calflower1,1790395161734722352,1790395161854557159,0.178876643,21.435648,98.399159,119.83480700000001,1,0.524141593,0.831504032,-0.184056083,0.351248095,-0.72073444,0.548226719,0.42425095700000004,0.182516942,0.453671193,-0.089712142,0.886642486,0.043649369,0.0,0.0,0.0,1.0
59,1790395161756158000,FR_foot,1790395161734722352,1790395161854557159,0.178876643,21.435648,98.399159,119.83480700000001,1,0.359186585,0.831504032,-0.42377594,0.359197198,-0.40738176600000003,0.548226719,0.730402015,0.167119817,0.839658052,-0.089712142,0.5356554920000001,0.023235037000000004,0.0,0.0,0.0,1.0
59,1790395161756158000,RL_hip,1790395161734722352,1790395161854557159,0.178876643,21.435648,98.399159,119.83480700000001,1,0.543217976,0.8245199879999999,0.158369899,0.286502178,-0.836215502,0.548219945,0.014073698999999999,0.672935353,-0.075217438,-0.140076607,0.987279899,0.341515016,0.0,0.0,0.0,1.0
59,1790395161756158000,RL_thigh,1790395161734722352,1790395161854557159,0.178876643,21.435648,98.399159,119.83480700000001,1,0.191909854,0.824520063,0.5322943529999999,0.36524383299999996,-0.503827247,0.54821983,-0.667542258,0.725290355,-0.842216737,-0.140076618,0.520624843,0.328137701,0.0,0.0,0.0,1.0
59,1790395161756158000,RL_calf,1790395161734722352,1790395161854557159,0.178876643,21.435648,98.399159,119.83480700000001,1,0.539605294,0.824520052,-0.17027277,0.251865204,-0.6873304440000001,0.548219848,0.476478123,0.86747681,0.48621304299999996,-0.140076616,0.862540513,0.217244658,0.0,0.0,0.0,1.0
59,1790395161756158000,RL_calflower,1790395161734722352,1790395161854557159,0.178876643,21.435648,98.399159,119.83480700000001,1,0.54744102,0.8245200509999999,-0.143090949,0.28785766,-0.7102854409999999,0.548219848,0.441530445,0.783211457,0.442496345,-0.140076616,0.885763086,0.099312965,0.0,0.0,0.0,1.0
59,1790395161756158000,RL_calflower1,1790395161734722352,1790395161854557159,0.178876643,21.435648,98.399159,119.83480700000001,1,0.551653826,0.824520052,0.125875918,0.288106887,-0.833909145,0.548219848,0.063640238,0.772653096,-0.016534936,-0.140076616,0.9900029579999999,0.059457492,0.0,0.0,0.0,1.0
59,1790395161756158000,RL_foot,1790395161734722352,1790395161854557159,0.178876643,21.435648,98.399159,119.83480700000001,1,0.539605294,0.824520052,-0.17027277,0.288133283,-0.6873304440000001,0.548219848,0.476478123,0.765986992,0.48621304299999996,-0.140076616,0.862540513,0.033523594,0.0,0.0,0.0,1.0
59,1790395161756158000,RR_hip,1790395161734722352,1790395161854557159,0.178876643,21.435648,98.399159,119.83480700000001,1,0.543217976,0.8392484,-0.02400749,0.208631835,-0.836215502,0.538250462,-0.105021987,0.622142567,-0.075217438,0.077125238,0.994180443,0.343817275,0.0,0.0,0.0,1.0
59,1790395161756158000,RR_thigh,1790395161734722352,1790395161854557159,0.178876643,21.435648,98.399159,119.83480700000001,1,0.36068876299999997,0.8392484159999999,0.406897675,0.128483614,-0.444934905,0.5382504370000001,-0.715764585,0.570739649,-0.819717574,0.077125236,0.567552214,0.336451815,0.0,0.0,0.0,1.0
59,1790395161756158000,RR_calf,1790395161734722352,1790395161854557159,0.178876643,21.435648,98.399159,119.83480700000001,1,0.42768921600000004,0.8392484170000001,-0.335773785,0.041814419,-0.7410316220000001,0.538250435,0.401445073,0.723197497,0.517642918,0.077125235,0.852113975,0.215563203,0.0,0.0,0.0,1.0
59,1790395161756158000,RR_calflower,1790395161734722352,1790395161854557159,0.178876643,21.435648,98.399159,119.83480700000001,1,0.44393641100000003,0.8392484170000001,-0.313978604,0.100062717,-0.7601694170000001,0.538250436,0.36390722700000006,0.648962998,0.474408051,0.077125235,0.876920417,0.09980320300000001,0.0,0.0,0.0,1.0
59,1790395161756158000,RR_calflower1,1790395161734722352,1790395161854557159,0.178876643,21.435648,98.399159,119.83480700000001,1,0.5387581229999999,0.8392484170000001,-0.073496838,0.108182495,-0.842311192,0.538250435,-0.028246544,0.642008403,0.015853945,0.077125235,0.9968957159999999,0.05998231,0.0,0.0,0.0,1.0
59,1790395161756158000,RR_foot,1790395161734722352,1790395161854557159,0.178876643,21.435648,98.399159,119.83480700000001,1,0.42768921600000004,0.8392484170000001,-0.335773785,0.113334227,-0.7410316220000001,0.538250435,0.401445073,0.637689701,0.517642918,0.077125235,0.852113975,0.034062942,0.0,0.0,0.0,1.0
